Symbol,Market Cap,Short Float,Shs Float,Shs Outstand
AACG,93.51M,0.90%,8.74M,28.85M
AACQ,901.98M,0.96%,72.34M,90.56M
AACQU
AAL,15.67B,13.28%,636.38M,641.38M
AAME,87.60M,12.40%,4.04M,20.41M
AAOI,220.48M,16.51%,25.59M,26.44M
AAPL,2090.63B,0.57%,16.68B,16.75B
AAWW,2.19B,11.58%,27.11M,28.49M
AAXJ,-,-,-,-
ABCB,3.84B,2.67%,65.92M,69.39M
ABCL,7.36B,4.61%,182.76M,269.70M
ABCM,4.56B,0.15%,188.59M,226.72M
ABEO,163.40M,9.22%,84.47M,94.23M
ABGI,192.43M,0.08%,11.34M,18.79M
ABIO,49.59M,3.29%,14.37M,14.41M
ABNB,87.09B,18.30%,149.90M,600.96M
ABUS,274.71M,5.95%,77.39M,93.43M
ACAC
ACACU,-,0.00%,18.64M,-
ACAD,3.53B,4.58%,158.13M,160.01M
ACAHU,-,-,-,-
ACB,1.91B,18.50%,196.81M,197.98M
ACCD,2.99B,7.90%,47.28M,51.58M
ACER,42.40M,1.69%,12.12M,14.14M
ACET,417.36M,3.83%,12.51M,26.10M
ACEV,286.64M,2.24%,23.00M,28.75M
ACEVU,-,0.00%,20.94M,-
ACGL,16.02B,1.28%,391.25M,400.81M
ACHC,5.72B,4.18%,88.31M,89.74M
ACHL,511.77M,1.56%,17.54M,40.52M
ACHV,71.53M,7.03%,6.09M,6.13M
ACIU,464.30M,3.39%,35.33M,72.31M
ACIW,4.60B,2.47%,116.82M,117.49M
ACKIU,264.07M,-,-,18.17M
ACLS,1.38B,1.87%,32.92M,33.72M
ACMR,1.46B,7.73%,12.75M,18.56M
ACOR,36.01M,13.00%,9.31M,9.47M
ACQRU,-,0.02%,7.94M,-
ACRS,1.13B,4.68%,40.49M,50.34M
ACRX,171.50M,11.24%,116.72M,119.10M
ACST,99.92M,1.66%,179.14M,200.12M
ACTC,590.06M,24.37%,20.81M,34.69M
ACTCU,-,0.00%,25.48M,-
ACTDU,-,-,-,-
ACTG,261.19M,5.46%,47.41M,48.51M
ACVA,4.02B,7.88%,16.95M,154.53M
ACWI,-,-,-,-
ACWX,-,-,-,-
ADAG,552.74M,1.25%,5.59M,38.98M
ADAP,785.08M,3.17%,126.40M,155.18M
ADBE,238.18B,1.02%,475.90M,479.00M
ADERU,-,-,-,-
ADES,150.78M,6.50%,13.33M,18.17M
ADI,60.20B,10.31%,367.64M,368.82M
ADIL,42.51M,4.30%,14.75M,15.91M
ADMA,223.11M,10.61%,104.02M,115.66M
ADMP,99.86M,4.46%,147.86M,148.89M
ADMS,229.83M,9.95%,23.01M,35.17M
ADN,488.00M,33.95%,9.06M,46.30M
ADOC,95.83M,-,-,9.55M
ADP,83.93B,1.13%,425.07M,425.80M
ADPT,5.31B,3.75%,128.95M,138.97M
ADSK,63.09B,0.89%,219.33M,219.40M
ADTN,971.88M,2.16%,47.88M,48.34M
ADTX,38.50M,3.68%,12.44M,13.83M
ADV,3.97B,6.05%,98.23M,317.60M
ADVM,344.69M,9.96%,97.19M,97.75M
ADXN,67.90M,0.15%,2.66M,7.26M
ADXS,67.80M,2.82%,119.41M,137.96M
AEACU,-,-,-,-
AEHL,12.01M,14.67%,2.18M,3.15M
AEHR,49.99M,1.66%,20.27M,23.52M
AEI,34.72M,32.62%,0.77M,8.57M
AEMD,21.59M,2.00%,11.89M,12.09M
AEP,42.75B,1.84%,499.15M,499.75M
AEPPL
AEPPZ
AERI,781.76M,13.76%,45.78M,46.11M
AESE,94.01M,4.27%,18.83M,28.69M
AEVA,2.03B,7.93%,89.74M,211.04M
AEY,31.19M,3.58%,7.21M,12.42M
AEZS,105.41M,5.07%,121.04M,121.15M
AFAQU,-,-,-,-
AFCG,307.44M,0.45%,4.16M,13.37M
AFIB,416.19M,10.74%,26.31M,28.03M
AFIN,1.00B,3.07%,108.33M,108.44M
AFINO,-,0.00%,107.86M,-
AFMD,1.08B,4.90%,115.64M,118.95M
AFRM,15.19B,13.56%,67.90M,233.31M
AFYA,2.13B,1.73%,37.08M,93.34M
AGBAR
AGC,742.53M,35.67%,41.12M,62.50M
AGCUU,-,0.00%,50.00M,-
AGEN,936.52M,14.18%,192.69M,200.33M
AGFS,119.69M,1.95%,50.76M,51.03M
AGFY,187.87M,4.13%,8.14M,11.57M
AGGRU,-,-,-,-
AGIO,3.52B,8.39%,60.86M,69.54M
AGLE,331.43M,4.16%,47.78M,49.02M
AGNC,9.72B,1.87%,522.77M,533.70M
AGRX,145.59M,8.92%,67.94M,87.63M
AGTC,180.89M,14.27%,36.27M,36.75M
AGZD,-,-,-,-
AHAC,127.43M,1.86%,7.86M,18.98M
AHACU,-,0.00%,8.97M,-
AHCO,3.45B,6.69%,65.58M,111.11M
AHPI,14.70M,8.12%,2.99M,4.01M
AHT,601.71M,6.70%,100.65M,120.94M
AIA,-,-,-,-
AIH,217.56M,8.08%,2.64M,23.55M
AIHS,44.10M,0.16%,41.07M,43.82M
AIKI,97.59M,0.49%,81.92M,88.91M
AIMC,4.24B,1.59%,64.07M,64.70M
AINV,918.20M,1.69%,64.93M,65.26M
AIRG,207.43M,3.98%,9.36M,9.87M
AIRT,64.37M,0.72%,1.52M,2.88M
AKAM,18.69B,5.27%,160.41M,163.06M
AKBA,560.41M,12.00%,151.84M,153.82M
AKICU,-,-,-,-
AKRO,922.58M,11.59%,29.99M,34.74M
AKTS,478.62M,-,-,45.62M
AKTX,71.60M,0.45%,20.63M,26.28M
AKU
AKUS,464.41M,6.42%,33.28M,34.28M
AKYA,768.67M,3.61%,14.27M,36.92M
ALAC,51.55M,3.42%,1.44M,4.35M
ALACR
ALBO,636.22M,13.05%,16.22M,19.13M
ALDX,682.84M,12.19%,39.44M,45.63M
ALEC,1.45B,9.55%,69.37M,79.39M
ALF,35.91M,6.68%,3.83M,12.69M
ALGM,5.06B,2.41%,84.28M,189.43M
ALGN,47.47B,2.65%,73.78M,79.00M
ALGS,1.12B,6.45%,24.96M,37.43M
ALHC,4.69B,0.41%,177.60M,187.27M
ALIM,69.51M,5.21%,5.38M,5.75M
ALJJ,62.19M,1.07%,19.49M,42.32M
ALKS,3.62B,7.10%,158.75M,159.63M
ALKT,2.88B,0.49%,81.65M,86.48M
ALLK,5.31B,6.34%,50.12M,53.19M
ALLO,3.50B,11.43%,72.07M,132.16M
ALLT,682.13M,1.07%,34.73M,35.54M
ALNA,63.50M,3.68%,43.97M,55.02M
ALNY,16.48B,3.87%,116.82M,117.08M
ALPN,244.22M,3.65%,17.27M,23.87M
ALRM,4.03B,5.83%,45.66M,49.56M
ALRN,112.90M,1.91%,74.44M,83.38M
ALRS,565.75M,1.21%,14.92M,17.14M
ALSK,180.71M,3.07%,50.31M,54.15M
ALT,494.87M,14.61%,36.01M,38.91M
ALTM,1.04B,5.19%,3.29M,3.75M
ALTO,494.38M,17.90%,68.37M,70.35M
ALTR,5.07B,11.25%,44.77M,74.65M
ALTU,366.00M,0.83%,26.10M,37.50M
ALTUU,-,0.00%,29.80M,-
ALVR,1.51B,16.01%,27.46M,62.19M
ALXN,39.24B,4.24%,220.14M,221.02M
ALXO,2.27B,9.27%,24.54M,40.05M
ALYA,158.61M,0.63%,44.12M,76.26M
AMAOU,-,-,-,-
AMAT,126.47B,1.46%,914.27M,918.00M
AMBA,3.70B,4.38%,34.53M,35.34M
AMC,11.94B,22.64%,417.68M,457.17M
AMCX,2.25B,24.60%,28.52M,41.93M
AMD,95.28B,6.96%,1.21B,1.21B
AMED,8.50B,1.33%,32.08M,32.78M
AMEH,1.91B,1.36%,35.76M,42.34M
AMGN,135.20B,2.00%,573.47M,577.00M
AMKR,5.14B,3.65%,92.82M,243.27M
AMPG,40.68M,2.16%,5.72M,9.34M
AMPH,905.51M,7.13%,36.41M,47.52M
AMRK,575.32M,4.47%,5.62M,8.03M
AMRN,1.82B,6.42%,381.31M,394.64M
AMRS,4.40B,12.20%,177.90M,267.73M
AMSC,416.17M,5.81%,25.12M,25.47M
AMST,48.80M,0.58%,9.85M,20.54M
AMSWA,659.33M,2.23%,23.45M,32.63M
AMTI,1.89B,9.65%,28.40M,35.22M
AMTX,391.09M,8.84%,18.84M,26.29M
AMZN,1629.04B,1.11%,435.22M,504.00M
ANAB,665.26M,14.57%,27.22M,27.36M
ANDAR
ANDE,1.03B,1.79%,30.98M,33.19M
ANEB
ANGI,7.20B,11.70%,78.92M,500.66M
ANGL,-,-,-,-
ANGN,469.53M,1.59%,21.60M,23.44M
ANGO,892.43M,2.63%,36.92M,38.36M
ANIK,644.70M,11.35%,14.28M,14.34M
ANIX,125.09M,3.12%,25.61M,31.43M
ANNX,865.71M,3.03%,36.15M,38.16M
ANPC,58.58M,0.15%,5.78M,11.43M
ANSS,29.35B,0.96%,86.76M,86.81M
ANTE,51.10M,-,-,12.59M
ANY,18.60M,9.69%,9.38M,9.42M
ANZUU,-,-,-,-
AOSL,845.83M,2.73%,20.67M,25.88M
AOUT,458.35M,1.32%,13.90M,14.00M
APA,7.87B,3.16%,376.86M,378.00M
APDN,44.87M,7.43%,6.70M,7.24M
APEN,190.58M,1.03%,20.04M,26.31M
API,4.86B,36.01%,17.50M,41.16M
APLS,4.58B,10.84%,63.63M,79.22M
APM,97.50M,2.18%,8.95M,32.31M
APOG,977.24M,5.78%,24.97M,25.62M
APOP,12.24M,2.95%,3.57M,3.91M
APP,25.41B,8.02%,56.34M,341.95M
APPH,1.64B,17.96%,60.05M,98.62M
APPN,6.26B,20.93%,38.88M,70.73M
APPS,5.94B,4.42%,86.08M,89.00M
APR,1.10B,3.27%,34.00M,35.21M
APRE,87.90M,9.06%,18.45M,21.19M
APTO,463.22M,4.37%,84.41M,88.88M
APTX,176.61M,3.89%,60.85M,66.04M
APVO,110.23M,2.41%,4.20M,4.42M
APWC,56.81M,2.48%,3.39M,13.82M
APXT,462.51M,5.33%,35.15M,44.56M
APYX,339.13M,1.85%,30.07M,34.30M
AQB,383.52M,7.81%,51.79M,64.55M
AQMS,208.91M,6.00%,66.02M,66.88M
AQST,134.30M,9.63%,34.37M,35.56M
ARAV,103.42M,15.43%,9.59M,18.07M
ARAY,395.41M,10.60%,90.10M,93.12M
ARBGU,-,0.00%,21.02M,-
ARCC,8.52B,-,-,437.36M
ARCE,1.52B,3.62%,29.03M,57.41M
ARCT,767.90M,23.90%,21.59M,26.24M
ARDX,713.71M,13.92%,67.05M,97.18M
AREC,150.09M,2.59%,37.72M,46.92M
ARKO,1.29B,3.29%,77.80M,124.36M
ARLP,778.38M,2.21%,86.98M,127.19M
ARNA,3.76B,5.81%,56.04M,59.78M
ARPO,79.10M,2.32%,45.38M,47.28M
ARQT,1.32B,8.57%,27.23M,47.28M
ARRWU,-,-,-,-
ARRY,2.04B,4.04%,112.08M,126.99M
ARTAU
ARTL,28.50M,7.66%,21.55M,23.13M
ARTW,14.29M,0.17%,2.00M,4.47M
ARVL,12.10B,16.40%,51.80M,606.16M
ARVN,3.38B,5.09%,42.95M,48.62M
ARWR,7.57B,4.79%,100.35M,103.87M
ARYA,196.11M,2.25%,14.95M,19.19M
ARYD,206.62M,0.01%,14.95M,18.87M
ASAXU,-,0.04%,4.19M,-
ASLE,520.51M,1.67%,34.38M,43.34M
ASLN,208.61M,4.39%,39.21M,70.24M
ASMB,158.60M,11.32%,39.49M,39.68M
ASML,278.19B,0.15%,415.17M,415.30M
ASND,7.32B,6.84%,43.77M,53.76M
ASO,3.38B,15.08%,83.25M,92.44M
ASPCU,-,-,-,-
ASPS,103.20M,6.22%,9.17M,15.72M
ASPU,150.68M,6.80%,23.38M,24.54M
ASRT,77.79M,0.65%,171.00M,173.45M
ASRV,70.31M,1.04%,15.34M,17.06M
ASTC,58.39M,6.46%,16.34M,18.17M
ASTS,1.33B,-,-,28.75M
ASUR,158.69M,10.00%,16.97M,19.01M
ASYS,145.64M,1.65%,13.92M,14.15M
ATCX,398.05M,0.15%,11.41M,14.26M
ATEC,1.42B,3.31%,62.98M,87.22M
ATER,580.32M,20.52%,18.36M,26.23M
ATEX,873.46M,6.88%,15.81M,17.49M
ATHA,718.04M,2.55%,35.51M,35.78M
ATHE,48.40M,4.16%,15.43M,22.06M
ATHX,370.91M,12.33%,203.03M,208.19M
ATIF,51.40M,8.68%,15.06M,42.51M
ATNF,190.70M,18.71%,13.80M,22.33M
ATNX,449.82M,19.72%,61.70M,93.43M
ATOM,430.68M,15.31%,20.50M,22.09M
ATOS,389.05M,11.08%,120.77M,120.82M
ATRA,1.15B,15.28%,83.67M,91.46M
ATRC,3.36B,4.55%,44.24M,44.63M
ATRO,524.57M,4.60%,27.29M,30.90M
ATRS,687.01M,3.49%,165.28M,167.82M
ATSG,1.82B,3.67%,56.59M,59.45M
ATSPU,-,-,-,-
ATVCU,-,-,-,-
ATVI,75.57B,1.36%,770.74M,775.00M
ATXI,84.92M,8.01%,6.65M,16.56M
AUB,3.25B,1.05%,77.57M,78.86M
AUBAP
AUDC,1.05B,3.43%,24.34M,32.90M
AUPH,1.86B,7.35%,116.08M,128.12M
AURC
AURCU,-,-,-,-
AUTL,448.52M,6.85%,33.90M,52.21M
AUTO,38.01M,4.45%,7.80M,13.25M
AUUD,26.60M,0.17%,10.49M,11.72M
AUVI,76.73M,1.94%,4.17M,9.39M
AVAH,2.15B,38.64%,1.48M,142.12M
AVAV,2.72B,4.43%,22.66M,23.94M
AVCO,98.80M,5.75%,30.92M,83.41M
AVCT,121.89M,7.29%,3.93M,19.99M
AVDL,459.09M,11.07%,35.64M,58.44M
AVEO,245.28M,10.45%,23.95M,27.43M
AVGO,190.95B,1.02%,398.65M,407.00M
AVGR,98.20M,1.88%,94.92M,95.30M
AVID,1.40B,3.36%,42.32M,44.56M
AVIR,1.70B,7.44%,67.45M,82.58M
AVNW,408.41M,5.54%,10.28M,11.15M
AVO,1.44B,1.72%,38.52M,70.55M
AVRO,373.80M,9.31%,40.48M,41.62M
AVT,4.42B,1.98%,98.62M,99.54M
AVXL,867.76M,9.71%,67.60M,68.59M
AWH,608.97M,21.06%,58.18M,108.66M
AXAS,23.10M,9.94%,8.21M,8.38M
AXDX,439.54M,23.93%,33.28M,58.52M
AXGN,835.14M,3.11%,39.41M,40.71M
AXLA,124.09M,1.77%,29.14M,37.65M
AXNX,2.62B,10.19%,39.61M,39.61M
AXON,9.02B,1.67%,63.34M,64.04M
AXSM,2.27B,11.06%,29.50M,37.43M
AXTI,439.88M,4.10%,39.56M,41.00M
AY,3.99B,5.79%,65.34M,110.39M
AYRO,185.72M,16.07%,28.90M,32.01M
AYTU,128.42M,16.27%,14.28M,18.09M
AZN,150.12B,4.83%,2.60B,2.62B
AZPN,9.51B,2.52%,67.59M,67.92M
AZRX,65.80M,2.85%,73.00M,74.44M
AZYO,126.76M,3.01%,6.45M,10.23M
BAND,2.94B,14.64%,21.64M,25.02M
BANF,2.25B,4.97%,19.29M,32.76M
BANR,2.03B,2.08%,34.05M,34.97M
BAOS,79.30M,0.36%,4.56M,29.26M
BBBY,2.88B,31.31%,105.03M,115.06M
BBGI,79.79M,0.99%,8.73M,29.30M
BBI,55.42M,6.28%,65.67M,66.93M
BBIG,92.20M,20.35%,19.08M,27.43M
BBIO,8.66B,11.32%,96.67M,138.63M
BCAB,1.41B,13.81%,19.51M,33.66M
BCACU,26.95M,-,-,2.45M
BCDA,68.51M,4.10%,10.47M,16.57M
BCEL,263.47M,25.84%,22.37M,36.84M
BCLI,130.71M,14.63%,29.94M,35.79M
BCOR,824.00M,2.38%,47.39M,48.26M
BCOV,596.82M,2.96%,39.64M,40.15M
BCRX,2.62B,12.56%,176.16M,177.34M
BCTG,234.08M,0.08%,21.25M,21.38M
BCTX,21.90M,3.72%,3.90M,6.70M
BCYC,717.14M,10.06%,4.28M,22.10M
BCYPU,-,0.00%,10.55M,-
BDSI,345.90M,3.88%,96.02M,100.99M
BDSX,377.72M,1.97%,18.27M,26.60M
BDTX,493.57M,13.29%,35.01M,36.12M
BEAM,5.00B,13.08%,52.68M,60.21M
BECN,3.94B,4.66%,55.10M,69.60M
BEEM,259.21M,29.25%,7.45M,8.77M
BENEU,-,-,-,-
BFI,190.15M,8.92%,10.83M,17.99M
BFRA,199.65M,0.05%,17.38M,28.36M
BGCP,2.18B,5.34%,312.98M,374.32M
BGFV,706.33M,20.32%,20.67M,21.42M
BGNE,31.79B,3.85%,63.37M,91.46M
BHAT,44.70M,5.61%,23.33M,38.55M
BHF,4.16B,3.29%,85.33M,87.57M
BHFAN,-,0.02%,86.82M,-
BHFAO
BHSE
BHSEU,-,0.00%,4.61M,-
BHTG,38.61M,1.12%,23.16M,24.32M
BIB,-,-,-,-
BIDU,68.88B,2.70%,267.22M,350.97M
BIGC,3.90B,9.94%,56.83M,69.79M
BIIB,40.25B,2.03%,149.58M,151.90M
BILI,39.82B,6.72%,296.52M,355.35M
BIMI,31.50M,0.39%,14.58M,20.13M
BIOC,61.70M,5.82%,13.40M,13.40M
BIOL,105.80M,4.10%,146.55M,150.56M
BIOTU,-,-,-,-
BIOX,601.65M,0.71%,8.66M,36.12M
BJRI,1.30B,8.85%,22.33M,22.93M
BKCC,304.02M,-,-,74.15M
BKEP,165.92M,3.80%,3.46M,41.43M
BKNG,95.86B,1.68%,40.86M,40.97M
BKYI,31.80M,7.88%,7.20M,7.77M
BL,6.03B,9.59%,52.73M,57.86M
BLBD,707.63M,3.71%,17.03M,27.12M
BLCM,24.41M,13.04%,8.35M,10.04M
BLCT,255.90M,0.89%,14.24M,23.95M
BLDE,670.68M,4.18%,62.34M,69.00M
BLDP,5.19B,7.60%,240.95M,288.21M
BLDR,9.35B,5.61%,204.26M,206.57M
BLFS,1.34B,3.69%,21.84M,33.24M
BLI,3.00B,4.33%,54.43M,65.26M
BLIN,16.59M,8.19%,5.25M,5.34M
BLKB,3.44B,5.28%,42.00M,47.36M
BLMN,2.60B,13.40%,87.77M,88.37M
BLNK,1.48B,35.93%,36.09M,41.14M
BLRX,123.07M,2.43%,23.02M,43.03M
BLTSU,-,0.00%,22.85M,-
BLU,309.00M,4.74%,61.09M,78.34M
BLUE,2.14B,8.82%,66.86M,66.98M
BMBL,5.51B,5.64%,114.73M,196.43M
BMEA,497.97M,10.69%,5.75M,28.77M
BMRA,45.00M,9.68%,10.19M,11.91M
BMRN,14.14B,6.53%,181.74M,181.77M
BMTC,943.57M,1.30%,19.61M,19.91M
BND,-,-,-,-
BNDX,-,-,-,-
BNFT,473.43M,6.93%,29.62M,32.49M
BNGO,1.73B,13.22%,276.45M,278.79M
BNR,3.02B,7.45%,13.27M,104.05M
BNSO,34.20M,2.50%,1.17M,4.89M
BNTC,35.51M,9.89%,3.82M,4.75M
BNTX,47.75B,1.77%,214.95M,243.12M
BOLT,668.53M,7.74%,18.60M,21.50M
BOMN,881.47M,3.26%,16.61M,27.30M
BOOM,990.01M,10.52%,15.53M,15.83M
BOSC,17.08M,1.17%,3.91M,5.16M
BOTZ,-,-,-,-
BOWX
BOWXU,-,0.06%,47.96M,-
BOXL,143.10M,10.63%,44.88M,55.15M
BPFH,1.27B,3.85%,81.58M,82.43M
BPMC,5.45B,5.92%,57.85M,58.02M
BPOP,6.60B,7.11%,79.18M,83.90M
BPTH,39.50M,3.97%,6.90M,6.95M
BPTS,127.28M,0.02%,10.99M,11.31M
BPY,17.53B,0.97%,432.52M,506.10M
BPYU,716.24M,2.44%,38.04M,38.66M
BREZ,171.27M,0.02%,10.00M,20.20M
BREZR
BRIVU
BRKL,1.31B,1.64%,76.25M,78.14M
BRKR,10.52B,1.47%,102.05M,151.80M
BRKS,7.42B,3.40%,73.11M,74.27M
BRLIU
BRP,2.38B,3.53%,38.53M,44.26M
BRPMU,-,-,-,-
BRQS,80.39M,5.28%,56.54M,89.37M
BRY,509.37M,0.97%,79.39M,80.11M
BSCL,-,-,-,-
BSCM,-,-,-,-
BSCN,-,-,-,-
BSCO,-,-,-,-
BSCP,-,-,-,-
BSCS,-,-,-,-
BSET,309.26M,2.09%,9.26M,9.92M
BSGM,118.41M,11.77%,25.18M,31.58M
BSJL,-,-,-,-
BSJM,-,-,-,-
BSJN,-,-,-,-
BSJP,-,-,-,-
BSKYU,-,-,-,-
BSPE,-,-,-,-
BSQR,30.59M,5.78%,12.50M,13.19M
BSY,15.92B,2.20%,160.21M,302.58M
BTAI,830.04M,20.97%,15.14M,24.52M
BTAQ,439.21M,0.95%,25.88M,47.32M
BTAQU
BTBT,455.71M,3.32%,37.11M,48.29M
BTNB,296.61M,0.26%,14.84M,29.90M
BTRS,2.13B,5.60%,125.62M,149.11M
BTWN,748.95M,0.58%,44.62M,74.37M
BTWNU,-,0.00%,59.50M,-
BTX,602.21M,-,-,1.48M
BUG,-,-,-,-
BVS,1.02B,0.77%,28.06M,41.80M
BVXV,45.30M,4.35%,11.12M,13.97M
BWACU,-,-,-,-
BWAY,183.25M,0.87%,11.24M,16.45M
BWEN,86.71M,10.80%,15.83M,17.18M
BWMN,-,-,3.07M,-
BXRX,64.50M,6.84%,69.54M,70.14M
BYFC,103.80M,1.35%,7.14M,27.36M
BYND,8.99B,25.02%,56.18M,62.94M
BYSI,414.49M,11.16%,11.10M,33.96M
BYTSU,-,-,-,-
BZUN,5.77B,9.13%,58.27M,73.83M
CAAS,133.62M,1.51%,11.60M,30.85M
CABA,280.21M,7.13%,22.80M,23.76M
CAHC,113.28M,1.51%,11.50M,11.50M
CAHCU,-,0.00%,11.50M,-
CAKE,2.73B,11.53%,42.95M,44.19M
CALA,166.60M,4.99%,64.35M,72.25M
CALM,1.72B,13.91%,37.41M,48.53M
CALT,739.14M,0.38%,15.03M,24.97M
CAMP,500.85M,2.24%,34.30M,34.68M
CAMT,1.54B,1.16%,26.11M,43.29M
CAN,1.45B,7.19%,116.60M,155.50M
CAPA,147.44M,6.79%,11.50M,14.78M
CAPAU
CAPR,84.90M,8.65%,20.28M,22.23M
CAR,5.96B,11.59%,68.97M,69.90M
CARA,683.71M,8.45%,42.26M,49.92M
CARG,3.31B,12.47%,92.44M,116.32M
CARV,25.34M,18.58%,0.56M,2.98M
CASA,742.23M,4.78%,31.01M,84.24M
CASH,1.68B,4.78%,29.65M,31.52M
CASI,222.30M,4.35%,98.79M,124.83M
CASY,8.03B,1.56%,36.77M,37.04M
CATB,49.41M,16.13%,20.37M,22.38M
CATM,1.76B,9.38%,44.10M,44.96M
CATY,3.31B,1.77%,75.34M,79.53M
CBAT,366.79M,4.91%,42.61M,84.28M
CBAY,290.52M,12.72%,65.29M,68.95M
CBIO,135.10M,6.26%,24.05M,28.39M
CBLI,79.97M,0.32%,7.69M,14.23M
CBRL,3.80B,5.80%,23.47M,23.73M
CBSH,9.09B,2.85%,113.16M,116.26M
CCCC,1.61B,7.09%,37.46M,43.09M
CCLP,85.40M,0.46%,29.36M,47.72M
CCNC,98.79M,0.53%,25.16M,32.57M
CCOI,3.55B,3.11%,41.82M,46.07M
CCRC,109.60M,0.12%,5.30M,18.27M
CCRN,586.56M,1.89%,35.50M,36.18M
CCXI,726.13M,4.34%,53.20M,69.61M
CD,5.91B,15.82%,40.00M,363.75M
CDAK,448.55M,5.60%,19.71M,20.33M
CDEV,1.49B,13.99%,182.63M,278.94M
CDK,6.36B,2.02%,121.24M,122.00M
CDLX,3.53B,15.48%,22.25M,29.31M
CDMO,1.27B,7.16%,55.74M,58.87M
CDNA,4.24B,8.92%,50.99M,51.18M
CDNS,35.38B,1.12%,274.23M,278.26M
CDTX,98.50M,4.47%,38.38M,46.97M
CDW,23.44B,0.85%,138.61M,141.10M
CDXC,567.89M,10.63%,45.42M,64.16M
CDXS,1.31B,11.16%,62.81M,64.29M
CDZI,513.94M,8.28%,33.85M,37.83M
CELC,338.90M,7.53%,8.16M,11.07M
CELH,4.74B,14.11%,18.10M,72.52M
CEMI,64.79M,10.82%,18.55M,20.16M
CENH
CENHU,-,0.00%,34.50M,-
CENTA,2.13B,-,-,42.22M
CENX,1.23B,8.49%,50.70M,90.10M
CERC,250.09M,6.58%,39.29M,88.58M
CERE,1.71B,4.77%,99.99M,127.23M
CERN,23.59B,4.84%,300.81M,304.73M
CERS,979.09M,8.23%,166.92M,168.82M
CERT,4.04B,1.58%,140.78M,147.16M
CETX,25.90M,1.29%,16.22M,17.84M
CEVA,1.02B,2.90%,22.09M,22.55M
CFAC,292.61M,3.75%,23.00M,29.25M
CFACU,-,0.00%,18.45M,-
CFB,761.24M,1.91%,44.16M,51.66M
CFFEU,-,0.04%,4.25M,-
CFFN,1.79B,2.92%,128.88M,135.45M
CFFVU,-,-,-,-
CFIVU,-,0.00%,49.76M,-
CFMS,158.73M,1.21%,152.65M,182.43M
CFRX,158.09M,16.33%,31.50M,39.33M
CFVIU,-,-,-,-
CG,15.29B,4.12%,199.39M,354.23M
CGABL
CGC,9.97B,6.36%,232.73M,382.32M
CGEM,1.31B,5.40%,33.88M,41.98M
CGEN,661.02M,9.33%,83.56M,83.68M
CGNT,1.68B,2.04%,65.50M,65.77M
CGNX,13.81B,0.98%,169.66M,176.29M
CGRN,94.63M,3.35%,12.25M,12.82M
CHCI,50.91M,3.43%,2.19M,8.17M
CHEF,1.16B,10.10%,32.94M,36.40M
CHEK,110.61M,5.79%,66.51M,68.07M
CHK,5.22B,28.16%,9.78M,97.91M
CHKP,15.75B,6.30%,104.99M,136.00M
CHMA,247.79M,7.90%,57.53M,62.83M
CHNG,7.13B,5.38%,303.44M,321.38M
CHNGU
CHNR,52.40M,0.43%,13.41M,31.71M
CHPM,373.52M,1.15%,30.00M,37.50M
CHRS,997.66M,15.78%,66.97M,72.83M
CHRW,12.92B,8.64%,132.01M,134.51M
CHTR,149.07B,4.85%,180.17M,191.41M
CHUY,820.71M,6.01%,19.79M,19.95M
CHX,5.35B,2.35%,199.78M,200.58M
CHY,1.16B,-,-,73.25M
CIBR,-,-,-,-
CIDM,239.00M,8.20%,128.27M,136.87M
CIH,124.21M,1.12%,42.11M,90.05M
CINF,19.46B,4.01%,149.12M,161.00M
CJJD,41.11M,3.46%,32.30M,41.34M
CKPT,202.69M,4.72%,64.37M,70.30M
CLAR,736.52M,1.42%,21.91M,31.28M
CLBS,94.00M,3.13%,46.12M,59.50M
CLDX,1.12B,8.59%,37.53M,39.61M
CLEU,39.99M,-,-,6.34M
CLGN,160.76M,0.42%,6.51M,6.96M
CLIR,150.60M,2.49%,24.69M,30.53M
CLLS,683.37M,3.93%,37.79M,42.87M
CLMT,460.32M,0.25%,61.98M,78.59M
CLNE,1.62B,7.32%,145.73M,199.00M
CLNN,631.45M,3.09%,17.88M,60.67M
CLOU,-,-,-,-
CLOV,3.20B,36.09%,112.10M,376.17M
CLPS,78.79M,1.10%,7.38M,16.15M
CLPT,377.61M,3.00%,16.31M,18.85M
CLRB,83.80M,3.49%,47.70M,48.14M
CLRMU,-,-,-,-
CLRO,42.11M,2.86%,5.70M,18.78M
CLSD,148.00M,1.73%,50.09M,57.04M
CLSK,587.77M,7.49%,32.08M,33.86M
CLSN,102.11M,2.79%,64.80M,66.30M
CLVR,273.95M,11.17%,15.64M,24.99M
CLVS,545.78M,30.63%,102.65M,104.25M
CLWT,16.41M,1.25%,2.28M,2.58M
CLXT,157.01M,6.06%,12.94M,37.14M
CMBM,1.56B,3.63%,8.18M,26.12M
CMCO,1.46B,2.33%,23.44M,23.98M
CMCSA,263.44B,1.61%,4.55B,4.59B
CME,78.31B,1.52%,357.49M,358.15M
CMIIU,-,0.09%,4.80M,-
CMLF,718.96M,4.47%,33.21M,55.34M
CMLFU,-,0.00%,44.27M,-
CMLS,220.04M,1.49%,17.44M,20.37M
CMLTU,-,-,-,-
CMMB,182.13M,-,-,10.29M
CMPI,144.53M,2.17%,20.61M,21.58M
CMPS,1.39B,18.91%,9.89M,36.57M
CMRX,684.48M,5.20%,75.55M,80.20M
CMTL,632.25M,2.41%,25.36M,26.05M
CNCE,128.12M,5.24%,26.92M,33.89M
CNDT,1.65B,2.43%,202.65M,212.25M
CNET,55.70M,0.81%,25.43M,28.50M
CNEY,73.91M,0.17%,6.85M,15.24M
CNFR,25.41M,0.07%,5.36M,9.68M
CNSL,759.00M,5.27%,77.94M,78.03M
CNSP,46.69M,2.19%,15.29M,24.66M
CNST,958.21M,16.22%,47.18M,47.84M
CNTA
CNTB,855.66M,13.43%,5.53M,57.50M
CNTG,231.61M,2.47%,8.35M,18.05M
CNTY,429.07M,5.04%,26.99M,29.58M
CNXC,8.00B,1.03%,42.67M,51.16M
COCP,111.10M,4.48%,65.46M,71.25M
CODA,91.01M,6.04%,4.28M,10.75M
CODX,227.01M,18.13%,26.84M,28.66M
COGT,332.20M,4.56%,33.94M,34.88M
COHR,6.44B,7.73%,24.16M,24.39M
COHU,1.80B,2.90%,47.37M,48.12M
COIN,51.56B,1.13%,137.03M,217.97M
COLB,3.07B,2.30%,70.45M,70.87M
COLIU,-,0.02%,35.96M,-
COLL,840.69M,12.32%,33.84M,34.95M
COLM,6.94B,2.51%,36.90M,66.36M
COMM,4.12B,3.31%,199.39M,201.70M
COMS,157.20M,2.15%,36.04M,65.94M
COMT,-,-,-,-
CONE,8.95B,3.86%,121.87M,122.54M
CONN,703.12M,9.77%,15.49M,29.20M
CONX,917.11M,0.12%,75.01M,93.75M
CONXU,-,0.03%,74.99M,-
COOL,387.60M,0.09%,40.00M,40.00M
COOLU,-,0.00%,40.00M,-
COOP,2.96B,7.47%,72.90M,89.46M
CORE,2.03B,1.67%,44.13M,45.20M
CORT,2.53B,9.40%,105.16M,116.82M
COST,171.48B,0.97%,441.57M,443.13M
COUP,17.41B,11.02%,68.23M,72.19M
COVAU,-,-,-,-
COWN,1.04B,22.36%,25.39M,27.36M
CPARU,-,-,-,-
CPLP,233.38M,0.29%,15.60M,18.18M
CPRT,30.40B,1.06%,210.96M,236.40M
CPRX,576.78M,11.09%,96.13M,103.81M
CPSH,90.02M,4.84%,9.66M,13.58M
CPSS,106.81M,0.89%,13.98M,22.74M
CPTA,67.64M,-,-,2.71M
CRBP,255.11M,11.10%,123.76M,125.03M
CRCT,7.14B,3.92%,16.44M,207.31M
CRDF,312.82M,8.38%,36.93M,37.16M
CREE,11.58B,10.09%,114.90M,115.47M
CREG,61.64M,0.89%,2.96M,3.18M
CRESY,639.00M,1.07%,40.25M,51.20M
CREX,26.60M,4.48%,9.76M,11.32M
CRIS,1.28B,15.91%,85.83M,91.51M
CRMD,278.93M,6.93%,37.56M,38.02M
CRNC,3.60B,12.26%,37.58M,37.74M
CRNT,284.10M,1.57%,68.28M,82.58M
CRNX,669.18M,4.72%,32.18M,33.01M
CRON,3.35B,11.47%,189.96M,371.66M
CROX,6.64B,7.77%,63.71M,65.46M
CRSA,316.15M,1.02%,24.37M,31.24M
CRSP,8.97B,5.87%,65.93M,75.00M
CRSR,2.99B,5.99%,88.13M,91.95M
CRTD,40.81M,8.09%,7.04M,9.84M
CRTO,2.29B,5.67%,57.61M,60.74M
CRTX,1.31B,19.48%,19.44M,29.55M
CRUS,4.46B,2.31%,57.00M,57.90M
CRVS,106.09M,3.98%,30.11M,34.52M
CRWD,50.30B,6.85%,188.27M,221.73M
CRZNU,-,-,-,-
CSCO,223.02B,0.93%,4.20B,4.22B
CSCW,94.90M,4.63%,41.94M,44.84M
CSGP,33.37B,1.53%,39.07M,39.16M
CSGS,1.46B,5.64%,30.67M,31.84M
CSII,1.57B,2.91%,38.76M,38.91M
CSIQ,2.37B,14.97%,45.88M,59.86M
CSOD,2.92B,2.76%,62.26M,65.40M
CSTE,578.65M,0.98%,19.28M,34.44M
CSTL,1.49B,5.57%,22.41M,24.91M
CSX,75.64B,0.83%,756.35M,761.00M
CTAQU,-,0.00%,41.15M,-
CTAS,37.20B,0.99%,89.77M,105.26M
CTHR,75.81M,0.31%,25.91M,29.32M
CTIB,10.60M,0.20%,4.32M,5.86M
CTIC,223.90M,2.98%,57.10M,76.37M
CTLP,883.15M,1.65%,65.79M,67.11M
CTMX,532.42M,13.73%,49.01M,60.97M
CTRE,2.23B,2.77%,94.95M,95.38M
CTRM,322.51M,0.48%,706.17M,899.56M
CTRN,814.23M,9.06%,8.85M,9.87M
CTSH,37.51B,1.28%,526.25M,530.00M
CTSO,351.27M,5.65%,39.63M,43.24M
CTXR,314.30M,21.40%,68.11M,96.00M
CTXS,14.11B,-,-,122.92M
CUE,448.27M,10.15%,29.66M,30.43M
CUEN,31.79M,0.20%,4.85M,6.24M
CURI,622.86M,15.29%,27.70M,48.07M
CUTR,682.40M,11.99%,17.34M,17.77M
CVAC,20.70B,3.88%,82.26M,177.97M
CVBF,3.01B,1.90%,128.18M,135.18M
CVET,3.69B,4.75%,102.41M,136.00M
CVGI,393.86M,2.96%,26.79M,31.26M
CVLT,3.54B,2.23%,45.06M,46.88M
CVV,27.62M,0.60%,5.41M,6.68M
CWBR,80.30M,6.37%,47.30M,61.56M
CWST,3.44B,2.19%,49.31M,51.18M
CXDC,45.10M,0.12%,34.67M,67.92M
CXDO,99.40M,4.65%,7.51M,18.19M
CXSE,-,-,-,-
CYAN,19.00M,0.04%,3.61M,6.10M
CYBE,217.54M,5.80%,7.03M,7.29M
CYBR,5.07B,6.31%,38.70M,39.17M
CYCC,65.68M,11.26%,7.67M,9.23M
CYCN,109.61M,6.17%,28.29M,34.08M
CYRN,45.07M,3.67%,39.23M,68.47M
CYRX,2.51B,8.74%,44.91M,45.60M
CYTH,50.92M,1.19%,5.72M,6.36M
CYTK,1.60B,15.22%,66.00M,71.19M
CZR,22.52B,4.73%,198.79M,208.00M
DADA,6.01B,3.67%,65.00M,166.96M
DAKT,300.82M,4.84%,36.87M,45.06M
DARE,66.10M,2.84%,45.66M,47.31M
DAWN
DBDR,291.24M,-,-,9.67M
DBDRU
DBGI
DBTX,206.39M,4.74%,11.11M,12.11M
DBVT,642.28M,3.30%,61.82M,109.79M
DBX,11.14B,8.10%,302.99M,398.10M
DCOM,1.44B,3.69%,34.28M,41.56M
DCPH,1.97B,9.45%,41.23M,57.75M
DCRB,281.90M,2.85%,16.93M,28.22M
DCRBU,-,0.01%,21.04M,-
DCRCU,-,-,-,-
DCRN
DCRNU,-,-,-,-
DCT,5.08B,6.45%,94.49M,130.79M
DCTH,66.87M,9.68%,4.87M,6.25M
DDMXU,-,-,-,-
DDOG,28.47B,7.70%,204.22M,306.03M
DENN,1.14B,3.50%,62.05M,65.25M
DFFN,69.40M,1.56%,101.72M,101.90M
DFH,2.60B,11.78%,10.18M,92.52M
DFHT
DFHTU
DFPH
DGII,666.06M,2.07%,29.15M,30.90M
DGLY,89.11M,14.13%,48.65M,51.51M
DGNS,283.50M,0.30%,20.70M,35.25M
DGNU,402.00M,0.08%,7.70M,40.00M
DGRW,-,-,-,-
DHBCU,-,-,-,-
DHC,869.71M,3.57%,235.19M,237.83M
DHCAU,-,-,-,-
DHHCU,-,-,-,-
DIOD,3.36B,2.41%,43.06M,49.33M
DISAU,-,-,-,-
DISCA,15.96B,5.43%,479.73M,495.00M
DISCB
DISCK,-,2.87%,472.56M,-
DISH,23.49B,12.23%,248.08M,526.57M
DKDCU
DKNG,20.21B,10.27%,346.02M,397.62M
DLCAU,-,0.00%,3.00M,-
DLPN,65.91M,6.87%,5.91M,7.27M
DLTH,533.23M,7.38%,20.42M,32.49M
DLTR,23.43B,1.98%,231.01M,233.20M
DMAC,133.90M,0.92%,17.30M,18.77M
DMRC,588.31M,19.46%,12.72M,16.33M
DMTK,1.22B,27.23%,19.71M,27.15M
DNLI,8.00B,5.86%,100.77M,120.89M
DOCU,38.79B,3.25%,190.08M,194.56M
DOGZ,49.30M,1.67%,20.31M,25.91M
DOMO,2.08B,7.68%,27.63M,30.24M
DOX,10.22B,2.21%,129.00M,129.77M
DOYU,2.60B,2.75%,304.26M,323.50M
DRIO,258.86M,6.90%,13.55M,14.03M
DRIV,-,-,-,-
DRNA,2.42B,7.86%,70.54M,76.26M
DRRX,382.01M,4.37%,206.10M,217.54M
DRTT,288.76M,2.48%,36.98M,84.68M
DRVN,4.96B,5.09%,38.37M,154.83M
DSACU,-,0.00%,14.54M,-
DSEY,5.22B,0.23%,295.13M,304.01M
DSGN,1.46B,-,-,55.62M
DSKE,472.70M,4.68%,42.74M,65.08M
DSP,1.67B,12.14%,7.99M,57.28M
DTEA,97.12M,0.62%,14.21M,26.24M
DTIL,636.33M,12.69%,50.80M,56.62M
DTOCU,-,0.41%,2.78M,-
DTSS,51.81M,1.16%,6.47M,21.47M
DUNE,167.84M,0.20%,16.15M,17.25M
DUNEU,-,0.00%,16.15M,-
DUO,279.49M,3.00%,1.98M,79.85M
DVAX,952.18M,17.98%,101.99M,112.03M
DVY,-,-,-,-
DWSH,-,-,-,-
DWSN,56.09M,0.71%,21.78M,23.48M
DXCM,35.00B,3.90%,96.20M,96.30M
DXYN,43.01M,0.85%,13.05M,15.09M
DYAI,105.48M,6.53%,19.35M,27.53M
DYN,964.67M,8.96%,21.22M,49.47M
DYNS
DYNT,19.40M,1.79%,13.19M,15.83M
DZSI,444.04M,1.45%,16.72M,25.25M
EA,40.91B,2.10%,284.90M,289.00M
EACPU,-,0.04%,26.25M,-
EAR,1.30B,9.94%,38.22M,38.28M
EARS,44.91M,7.66%,12.20M,12.87M
EAST,32.30M,1.33%,10.73M,11.09M
EBACU,-,-,-,-
EBAY,40.54B,3.08%,656.44M,681.00M
EBC,4.25B,2.40%,170.28M,172.05M
EBET,289.32M,2.24%,7.36M,12.98M
EBIX,862.00M,19.60%,23.62M,30.56M
EBON,402.32M,16.93%,86.53M,139.21M
EBSB,1.15B,1.79%,47.25M,50.24M
ECOL,1.24B,2.37%,30.94M,31.10M
ECOR,83.50M,2.86%,35.82M,47.65M
ECPG,1.44B,12.79%,29.54M,31.47M
EDAP,198.52M,2.17%,12.42M,29.19M
EDIT,2.35B,15.87%,66.35M,67.58M
EDOC,-,-,-,-
EDRY,43.07M,0.55%,1.09M,2.29M
EDSA,82.20M,1.48%,8.90M,11.64M
EDTK,29.41M,2.02%,7.05M,10.00M
EDTXU,116.84M,0.01%,8.62M,14.38M
EDU,17.57B,2.92%,1.55B,1.69B
EEFT,7.91B,1.91%,50.49M,52.76M
EEIQ,41.79M,-,-,8.69M
EEMA,-,-,-,-
EFOI,16.39M,9.84%,3.52M,3.61M
EGAN,296.98M,5.43%,20.69M,31.07M
EGLX,800.42M,-,84.41M,115.67M
EH,1.42B,28.27%,16.77M,54.82M
EHTH,1.71B,8.52%,24.99M,26.62M
EIGR,272.03M,2.83%,33.40M,33.89M
EJFAU,-,-,-,-
EJH
EKSO,73.10M,3.50%,11.13M,12.65M
ELDN,127.00M,1.51%,12.98M,14.83M
ELOX,128.40M,7.47%,27.01M,40.18M
ELSE,15.50M,3.64%,2.23M,3.40M
ELTK,33.30M,0.07%,1.56M,5.84M
ELYS,107.92M,0.49%,14.10M,21.51M
EM,1.52B,1.24%,8.82M,251.09M
EMB,-,-,-,-
EMKR,357.35M,1.16%,25.37M,32.97M
EMXC,-,-,-,-
ENDP,1.37B,8.15%,229.73M,230.55M
ENFAU,-,0.00%,29.53M,-
ENG,77.00M,4.94%,14.58M,27.56M
ENLV,168.75M,1.33%,12.38M,18.01M
ENNV
ENNVU,-,0.02%,5.96M,-
ENOB,188.81M,11.14%,15.69M,46.78M
ENPH,19.31B,3.67%,127.21M,131.30M
ENTG,15.43B,1.34%,134.41M,135.07M
ENTX,77.00M,0.54%,16.72M,19.05M
ENVB,48.79M,2.35%,15.93M,16.22M
ENVIU,-,0.00%,18.85M,-
EOLS,586.12M,11.09%,33.58M,37.10M
EOSE,1.10B,16.04%,40.64M,51.13M
EPAY,1.71B,2.88%,43.89M,45.02M
EPHYU,-,-,-,-
EPIX,1.32B,0.81%,20.90M,36.48M
EPZM,852.46M,16.80%,79.08M,101.79M
EQ,196.93M,7.34%,13.67M,27.32M
EQIX,65.85B,0.96%,89.23M,89.33M
EQOS,218.31M,3.79%,26.89M,37.32M
ERES
ERESU,-,0.00%,31.71M,-
ERIC,44.26B,0.13%,3.00B,3.33B
ERII,1.08B,5.84%,41.82M,56.88M
ESEA,105.17M,1.36%,2.64M,6.15M
ESGD,-,-,-,-
ESGE,-,-,-,-
ESGU,-,-,-,-
ESPR,569.43M,34.87%,26.20M,28.16M
ESSC
ETAC,741.44M,0.22%,46.20M,76.20M
ETACU,-,0.00%,61.20M,-
ETNB,383.67M,6.65%,19.82M,20.01M
ETON,208.13M,7.65%,20.15M,24.45M
ETSY,21.19B,6.00%,125.22M,126.22M
ETTX,85.11M,3.25%,11.45M,37.08M
EUCRU,-,0.00%,9.84M,-
EUFN,-,-,-,-
EUSGU,-,-,-,-
EVAX,123.27M,0.04%,9.35M,17.80M
EVBG,4.45B,13.48%,32.10M,36.39M
EVER,900.81M,9.54%,17.70M,28.43M
EVFM,83.00M,14.13%,81.07M,81.84M
EVGN,138.19M,3.02%,38.89M,40.41M
EVK,33.30M,4.22%,3.98M,14.81M
EVLO,720.52M,6.01%,50.05M,51.34M
EVOJU,-,0.01%,12.08M,-
EVOK,40.10M,3.69%,31.38M,32.37M
EVOL,22.70M,2.94%,8.86M,12.21M
EVOP,2.32B,3.00%,42.23M,46.51M
EWBC,10.64B,0.85%,140.77M,141.65M
EWTX,1.41B,-,-,1.56M
EXAS,19.07B,5.54%,167.54M,171.31M
EXC,43.58B,1.26%,974.51M,977.00M
EXEL,7.04B,3.14%,306.60M,312.47M
EXPD,21.12B,1.88%,167.82M,169.21M
EXPE,25.59B,11.46%,118.10M,145.18M
EXPI,4.73B,11.23%,65.28M,144.35M
EXPO,4.73B,1.99%,51.51M,52.54M
EXTR,1.44B,6.16%,123.43M,124.79M
EYE,4.09B,7.21%,80.54M,81.33M
EYEG,29.81M,0.22%,6.82M,6.95M
EYEN,122.61M,0.89%,16.52M,25.33M
EYES,143.52M,13.82%,17.96M,23.54M
EYPT,283.99M,6.16%,19.89M,24.73M
EZGO,49.02M,0.70%,3.37M,11.48M
EZPW,412.11M,11.22%,50.61M,55.66M
FALN,-,-,-,-
FAMI,12.29M,6.63%,12.32M,16.25M
FANG,14.36B,2.14%,169.19M,180.98M
FANH,716.86M,5.32%,53.19M,53.70M
FARM,213.95M,5.40%,15.40M,17.76M
FAST,30.30B,2.45%,572.45M,574.34M
FAT,127.38M,0.60%,3.88M,11.97M
FATE,7.17B,14.09%,92.42M,93.43M
FB,943.50B,1.23%,2.38B,2.85B
FBIO,369.79M,1.50%,67.64M,80.85M
FBNC,1.26B,3.59%,27.84M,28.36M
FBRX,497.56M,9.66%,10.51M,13.25M
FCA,-,-,-,-
FCAC
FCACU,-,0.00%,31.79M,-
FCEL,3.17B,14.70%,309.16M,312.11M
FCFS,3.30B,2.82%,39.91M,41.03M
FDMT,722.70M,3.99%,20.46M,26.69M
FEM,-,-,-,-
FENC,179.68M,6.76%,21.60M,26.00M
FEP,-,-,-,-
FEYE,5.28B,7.63%,233.42M,234.74M
FFBC,2.49B,1.92%,95.30M,96.87M
FFHL,26.98M,1.45%,1.13M,3.27M
FFIC,721.90M,1.04%,29.44M,31.60M
FFIN,7.10B,4.33%,136.33M,142.15M
FFIV,11.16B,4.36%,59.36M,60.67M
FGEN,1.96B,9.88%,84.58M,91.69M
FGF,41.27M,2.15%,3.41M,4.99M
FHB,3.69B,3.10%,129.52M,129.93M
FHTX,371.85M,2.89%,25.87M,36.82M
FIII,318.60M,9.46%,25.37M,32.02M
FIIIU,-,0.00%,25.74M,-
FINMU,-,0.00%,41.37M,-
FISV,77.11B,2.09%,601.00M,668.60M
FITB,29.71B,1.68%,693.40M,714.43M
FIVE,10.44B,5.77%,54.70M,55.25M
FIVN,11.97B,4.84%,66.42M,66.72M
FIXD,-,-,-,-
FIXX,384.72M,6.16%,49.66M,50.36M
FIZZ,4.54B,31.59%,18.01M,93.30M
FLACU,-,-,-,-
FLDM,436.97M,10.19%,74.06M,74.71M
FLEX,9.02B,2.02%,487.30M,496.00M
FLGC,160.52M,0.17%,33.31M,39.93M
FLGT,2.23B,30.81%,19.05M,28.83M
FLL,372.14M,2.96%,25.55M,27.36M
FLMN,404.30M,1.34%,39.00M,46.12M
FLNT,230.71M,4.72%,40.71M,81.89M
FLUX,139.79M,7.53%,8.53M,12.50M
FLWS,2.08B,26.51%,24.66M,64.89M
FLXN,409.46M,15.20%,47.16M,49.84M
FLYW,-,-,-,95.55M
FMBI,2.38B,2.70%,112.78M,113.10M
FMIVU,-,-,-,-
FMTX,1.39B,7.45%,43.55M,47.30M
FNCH,730.23M,0.78%,24.07M,47.23M
FNHC,82.00M,3.08%,13.11M,14.39M
FNKO,1.32B,17.37%,21.03M,36.19M
FOCS,3.60B,5.00%,43.67M,52.20M
FOLD,2.39B,13.30%,241.90M,264.37M
FORD,28.19M,2.42%,6.61M,9.91M
FORE,391.44M,0.03%,26.82M,39.46M
FOREU,-,0.00%,30.90M,-
FORM,2.69B,1.74%,76.94M,77.60M
FOSL,789.03M,9.09%,47.16M,51.52M
FOX,21.29B,0.31%,480.73M,586.91M
FOXA,21.73B,2.01%,471.04M,589.00M
FOXF,6.47B,3.97%,41.84M,41.85M
FOXWU,-,0.01%,5.64M,-
FPAY,59.91M,0.38%,14.66M,21.37M
FPXI,-,-,-,-
FRBK,237.81M,13.29%,47.65M,58.86M
FREE,490.75M,6.22%,35.20M,38.43M
FREQ,309.31M,19.53%,27.88M,34.12M
FRG,1.49B,2.65%,26.94M,40.11M
FRGI,356.74M,5.27%,25.28M,25.32M
FRHC,2.76B,6.95%,15.92M,58.40M
FRLN,394.33M,0.37%,14.07M,35.85M
FROG,3.73B,6.77%,59.91M,91.88M
FRONU,-,-,-,-
FRPT,7.79B,3.96%,41.57M,41.63M
FRSGU,-,-,-,-
FRSX,276.50M,3.87%,57.26M,64.45M
FRTA,1.56B,8.16%,29.98M,66.24M
FRWAU,-,0.26%,3.87M,-
FSBC
FSII,201.05M,-,-,20.12M
FSLR,8.18B,7.67%,93.63M,106.09M
FSRV,406.90M,21.61%,23.92M,31.91M
FSRXU,-,0.01%,5.34M,-
FSSI,253.06M,1.54%,3.85M,25.88M
FSSIU,-,0.38%,3.85M,-
FSTX,145.38M,2.20%,2.79M,9.10M
FTAAU,-,-,-,-
FTCI,915.25M,29.42%,10.19M,85.06M
FTCS,-,-,-,-
FTCV,360.99M,8.48%,25.00M,33.21M
FTCVU,-,0.01%,18.20M,-
FTDR,4.54B,2.53%,85.35M,85.40M
FTEK,61.70M,2.09%,23.48M,27.51M
FTFT,227.40M,10.80%,34.18M,40.04M
FTGC,-,-,-,-
FTHM,474.83M,17.33%,5.11M,13.45M
FTIV,398.54M,0.79%,23.61M,31.48M
FTIVU,295.61M,0.00%,15.74M,31.48M
FTNT,35.33B,1.95%,133.52M,163.00M
FTOC,967.60M,0.62%,55.91M,97.06M
FTOCU,-,0.01%,75.47M,-
FTPAU,-,-,-,-
FTSL,-,-,-,-
FTSM,-,-,-,-
FTXR,-,-,-,-
FUBO,3.60B,18.21%,126.90M,151.53M
FULC,294.06M,3.12%,22.96M,31.51M
FULT,2.80B,2.45%,161.16M,162.44M
FULTP
FUSN,342.60M,0.71%,33.06M,41.78M
FUTU,20.71B,10.22%,53.39M,142.33M
FUV,341.74M,31.51%,27.32M,35.33M
FV,-,-,-,-
FVAM,106.15M,0.26%,6.56M,10.69M
FVE,194.78M,6.05%,10.57M,31.53M
FWAA,456.35M,0.19%,30.00M,43.23M
FWAC
FWONK,9.09B,-,-,203.54M
FWP,53.10M,0.91%,0.48M,6.92M
FYBR
GALT,237.01M,12.86%,41.48M,57.13M
GAMCU,-,-,-,-
GAN,730.06M,7.73%,36.21M,41.99M
GANX,126.23M,0.15%,2.92M,4.87M
GASS,112.41M,0.03%,30.03M,37.85M
GBCI,5.55B,2.73%,94.98M,95.47M
GBDC,2.65B,-,-,167.26M
GBIO,1.97B,8.97%,51.95M,55.37M
GBLI,452.20M,0.12%,8.74M,14.34M
GBOX,445.05M,12.86%,18.39M,34.92M
GBRGU,-,-,-,-
GBS,39.10M,1.59%,6.58M,11.80M
GBT,2.41B,21.66%,55.70M,62.10M
GCACU,-,0.01%,17.25M,-
GCMG
GDEN,1.21B,3.42%,18.27M,28.22M
GDRX,14.74B,25.91%,63.52M,406.17M
GDS,14.13B,7.53%,171.97M,180.72M
GDYN,839.66M,4.66%,26.79M,51.63M
GEG,70.20M,0.09%,24.52M,25.76M
GENE,55.81M,9.80%,11.79M,13.58M
GEOS,110.89M,1.20%,12.84M,13.47M
GERN,452.41M,8.63%,318.02M,323.64M
GEVO,1.57B,10.76%,188.44M,198.15M
GGAL,1.69B,1.72%,85.24M,147.47M
GGMCU,-,0.28%,5.03M,-
GGPIU,-,-,-,-
GH,12.57B,4.37%,96.13M,100.95M
GHACU,-,0.07%,2.91M,-
GHSI,37.90M,1.85%,22.84M,24.43M
GHVI,486.45M,4.90%,30.63M,34.50M
GHVIU
GIGGU,-,0.00%,44.89M,-
GIGM,32.09M,2.96%,6.23M,11.05M
GIII,1.64B,10.93%,42.23M,48.37M
GIIXU,-,-,-,-
GILD,82.65B,2.05%,1.25B,1.26B
GILT,568.98M,2.66%,35.11M,56.03M
GIWWU
GLAQU,-,-,-,-
GLBE,4.67B,-,-,142.24M
GLBLU,-,-,-,-
GLBS,46.48M,9.63%,10.39M,10.76M
GLDD,967.62M,2.15%,64.07M,65.27M
GLG,98.90M,0.44%,50.76M,58.62M
GLHAU
GLMD,65.99M,1.26%,21.54M,23.37M
GLNG,1.38B,5.10%,92.98M,109.98M
GLPG,4.99B,2.12%,43.10M,65.51M
GLPI,10.74B,1.02%,219.88M,232.78M
GLRE,320.98M,4.10%,26.94M,34.52M
GLSI,437.91M,4.31%,3.30M,12.80M
GLSPU,-,-,-,-
GLTO,123.51M,0.52%,25.20M,25.26M
GLYC,126.81M,4.35%,50.42M,50.70M
GMAB,26.55B,0.12%,647.02M,653.55M
GMBL,239.59M,11.25%,14.80M,16.95M
GMBTU,-,-,-,-
GMDA,366.43M,3.53%,42.19M,60.01M
GMII
GMIIU,-,0.04%,9.16M,-
GMTX,503.69M,5.37%,21.66M,32.03M
GNACU,-,-,-,-
GNCA,127.39M,3.46%,49.61M,66.16M
GNFT,183.00M,0.02%,43.73M,45.75M
GNLN,65.18M,17.59%,15.52M,16.93M
GNOG,1.04B,7.76%,39.10M,41.16M
GNPX,177.09M,10.34%,39.81M,45.55M
GNRS,219.10M,4.70%,2.84M,21.50M
GNSS,186.50M,3.32%,33.03M,33.68M
GNTX,8.54B,1.47%,240.74M,242.69M
GNUS,544.40M,14.84%,286.24M,287.22M
GO,3.28B,8.16%,87.24M,95.19M
GOCO,3.70B,8.93%,58.94M,321.18M
GOEV,1.95B,29.34%,99.19M,245.90M
GOGL,1.96B,1.64%,122.02M,197.71M
GOGO,1.50B,17.18%,79.22M,84.65M
GOOG,1655.45B,0.41%,605.53M,686.47M
GOOGL,1596.27B,0.49%,604.26M,673.22M
GOSS,673.28M,15.57%,67.29M,74.09M
GOVX,33.50M,5.21%,6.06M,6.32M
GP,344.10M,2.73%,14.30M,20.89M
GPACU,47.25M,-,-,4.77M
GPRE,1.42B,28.37%,35.86M,37.70M
GPRO,1.76B,14.00%,123.50M,152.18M
GRAY,81.11M,8.29%,18.85M,21.02M
GRBK,1.17B,3.64%,48.38M,50.63M
GRCL,1.07B,13.22%,2.20M,70.92M
GRCYU
GRFS,11.92B,-,-,681.44M
GRIL,19.50M,6.32%,10.19M,13.83M
GRMN,27.36B,1.31%,150.99M,191.90M
GRNQ,86.30M,1.05%,23.32M,61.32M
GRNV,33.97M,3.37%,2.10M,7.19M
GROW,93.98M,4.05%,12.37M,15.06M
GRPN,1.40B,15.15%,23.37M,29.03M
GRSV,662.76M,0.23%,39.38M,65.62M
GRSVU,-,-,-,-
GRTS,436.36M,10.42%,40.31M,49.20M
GRTX,212.62M,2.24%,22.05M,24.99M
GRWG,2.49B,5.09%,48.67M,58.39M
GSAQU,-,-,-,-
GSEVU,-,0.00%,39.74M,-
GSKY,1.08B,2.89%,68.91M,71.86M
GSM,812.08M,1.59%,77.95M,169.29M
GSMG,237.21M,0.63%,17.86M,53.84M
GT,4.62B,5.44%,232.35M,235.00M
GTBP,348.25M,7.70%,19.46M,28.39M
GTEC,88.24M,4.00%,1.93M,10.33M
GTH,1.83B,12.30%,3.20M,91.62M
GTHX,935.26M,16.99%,37.83M,40.70M
GTIM,54.10M,0.42%,9.25M,12.66M
GTPAU
GTPBU
GTX,551.46M,0.14%,53.10M,75.91M
GTYH,349.02M,3.46%,50.25M,55.83M
GURE,66.31M,0.46%,6.58M,10.00M
GVP,36.31M,0.44%,16.53M,20.63M
GWAC,213.10M,2.39%,18.28M,21.48M
GXGX,363.97M,1.33%,26.21M,28.75M
GXIIU,-,-,-,-
HA,1.38B,4.53%,50.10M,51.11M
HAAC,553.95M,0.45%,49.88M,55.01M
HAACU,-,0.00%,48.50M,-
HAFC,645.13M,1.46%,30.34M,30.46M
HAIN,4.06B,6.16%,99.25M,99.83M
HALL,81.00M,0.52%,16.72M,18.14M
HALO,5.94B,5.35%,133.91M,137.95M
HAPP,45.29M,1.63%,10.13M,25.04M
HARP,659.63M,3.11%,29.98M,31.58M
HAS,13.20B,2.91%,126.51M,137.70M
HBAN,16.10B,4.22%,1.01B,1.02B
HBANP
HBIO,273.28M,2.43%,35.57M,39.79M
HBP,176.68M,1.46%,19.34M,27.30M
HCAQ,260.44M,0.03%,21.31M,26.49M
HCARU,-,0.00%,34.01M,-
HCAT,2.42B,13.91%,40.42M,43.87M
HCCCU,-,0.00%,27.50M,-
HCDI,47.10M,0.51%,11.47M,13.27M
HCIC,-,-,-,-
HCICU,-,-,-,-
HCIIU,-,-,-,-
HCM,4.43B,1.34%,69.70M,148.90M
HCSG,2.24B,15.94%,74.24M,75.00M
HDSN,121.01M,1.96%,35.71M,43.35M
HEAR,516.03M,10.12%,15.51M,15.55M
HEC,410.69M,5.88%,37.73M,41.40M
HECCU,452.30M,0.00%,31.05M,51.75M
HEES,1.34B,2.74%,31.86M,36.19M
HEPA,126.50M,1.99%,62.65M,76.23M
HERAU,-,-,-,-
HERO,-,-,-,-
HEWG,-,-,-,-
HFFG,323.89M,7.36%,37.43M,51.91M
HFWA,1.04B,4.05%,35.31M,35.93M
HGBL,99.50M,0.07%,27.10M,34.79M
HGEN,1.34B,23.38%,39.52M,52.66M
HGSH,43.89M,0.09%,6.79M,22.52M
HIBB,1.42B,13.64%,15.61M,16.54M
HIHO,13.09M,0.06%,2.02M,3.91M
HIIIU,-,0.14%,10.00M,-
HIMX,2.15B,3.87%,148.70M,173.77M
HJLI,49.11M,3.55%,6.47M,8.50M
HLAHU,-,0.00%,25.80M,-
HLIT,706.62M,9.42%,98.01M,98.02M
HLNE,4.91B,4.25%,28.98M,34.91M
HMCOU,-,-,-,-
HMHC,1.28B,4.65%,126.08M,126.47M
HMPT,881.63M,0.51%,137.62M,138.90M
HNRG,72.89M,1.51%,22.87M,30.61M
HNST,1.33B,12.95%,20.30M,84.02M
HOFV,342.30M,10.06%,57.47M,62.93M
HOL,376.53M,6.91%,22.50M,37.50M
HOLI,816.21M,0.43%,55.58M,60.52M
HOLUU,-,0.00%,20.80M,-
HOLX,16.22B,2.16%,254.71M,258.47M
HOMB,4.51B,2.87%,151.03M,165.26M
HON,160.63B,0.93%,693.69M,696.20M
HONE,836.95M,1.76%,49.98M,52.54M
HOOK,497.86M,6.82%,22.45M,29.79M
HOPE,1.90B,2.34%,117.80M,123.33M
HOTH,34.50M,0.99%,17.59M,17.68M
HOWL,409.79M,-,-,27.54M
HQY,6.82B,4.94%,81.55M,83.02M
HRMY,1.82B,1.28%,46.17M,56.89M
HROW,246.74M,8.53%,23.61M,26.02M
HRTX,1.37B,26.52%,79.88M,91.39M
HRZN,323.99M,-,-,19.66M
HSDT,31.26M,-,-,1.43M
HSIC,10.75B,2.25%,137.51M,142.30M
HST,12.10B,7.25%,697.66M,705.60M
HSTO,35.80M,2.10%,30.30M,31.57M
HTBK,706.14M,1.56%,57.68M,59.93M
HTBX,162.61M,10.26%,24.20M,24.20M
HTGM,23.99M,2.93%,5.74M,6.04M
HTHT,18.24B,8.78%,184.49M,310.94M
HTLD,1.44B,4.98%,40.10M,80.15M
HTOO,189.47M,5.44%,10.83M,12.05M
HUDI,65.59M,0.11%,3.12M,12.86M
HUGE,63.71M,4.59%,30.73M,35.99M
HUIZ,354.19M,0.15%,26.17M,51.92M
HUSN,18.29M,3.64%,3.90M,6.41M
HWC,4.30B,2.26%,85.91M,86.75M
HWCC,89.08M,0.63%,15.48M,16.66M
HX,23.59M,0.76%,5.43M,16.30M
HYACU
HYFM,2.39B,5.75%,22.29M,33.72M
HYLS,-,-,-,-
HYMC,228.22M,1.87%,59.70M,59.90M
HYRE,326.72M,5.03%,17.08M,19.23M
HYW,202.40M,0.02%,25.00M,27.62M
HZNP,20.70B,2.66%,219.74M,223.92M
IAC,14.43B,3.26%,78.60M,85.90M
IART,5.83B,5.57%,72.65M,84.50M
IBB,-,-,-,-
IBEX,387.41M,1.09%,5.61M,18.08M
IBIO,326.80M,8.71%,215.41M,215.54M
IBKR,27.88B,4.17%,80.57M,90.79M
IBOC,2.94B,1.50%,53.28M,63.31M
IBRX,6.52B,11.99%,66.72M,382.74M
IBTB,-,-,-,-
IBTX,3.40B,1.84%,37.30M,42.73M
ICAD,418.65M,3.09%,23.09M,23.93M
ICHR,1.55B,2.73%,27.83M,28.00M
ICLK,1.06B,1.83%,71.99M,93.37M
ICLN,-,-,-,-
ICLR,11.82B,11.97%,52.25M,52.81M
ICON,32.70M,1.58%,13.74M,13.80M
ICPT,566.42M,22.19%,28.17M,33.14M
IDCC,2.44B,6.26%,30.39M,30.81M
IDEX,1.28B,10.48%,380.91M,391.13M
IDN,143.93M,9.65%,16.99M,18.52M
IDRA,57.00M,9.59%,38.74M,41.19M
IDXX,47.25B,0.83%,84.46M,85.53M
IDYA,678.45M,3.91%,30.34M,31.76M
IEA,298.88M,15.08%,20.95M,23.06M
IEC,119.95M,1.43%,9.36M,10.58M
IEF,-,-,-,-
IEI,-,-,-,-
IEP,14.63B,2.24%,11.60M,242.00M
IFBD,94.20M,1.67%,12.35M,24.66M
IFMK,46.40M,1.55%,9.82M,30.23M
IFRX,137.71M,0.78%,20.46M,33.81M
IFV,-,-,-,-
IGAC,364.87M,0.21%,27.05M,30.00M
IGACU
IGF,-,-,-,-
IGIB,-,-,-,-
IGIC,440.70M,1.35%,24.67M,45.50M
IGMS,2.34B,20.50%,14.55M,33.33M
IGNYU,-,0.00%,4.33M,-
IGOV,-,-,-,-
IGSB,-,-,-,-
IHRT,3.23B,2.93%,100.58M,140.84M
IHT,59.23M,31.08%,2.74M,9.07M
IHYF
III,290.01M,2.75%,32.50M,48.50M
IIIIU,-,0.00%,25.57M,-
IIIV,991.13M,-,-,20.94M
IIVI,7.19B,15.74%,103.24M,104.77M
IJT,-,-,-,-
IKNA,683.64M,4.78%,31.36M,35.85M
IKT,53.82M,1.34%,4.79M,10.05M
ILMN,59.71B,2.04%,145.62M,146.00M
ILPT,1.63B,1.35%,64.38M,65.14M
IMAB,5.41B,5.79%,24.48M,63.70M
IMAC,47.59M,0.57%,15.59M,24.01M
IMBI,162.66M,0.63%,12.83M,12.98M
IMCR,1.77B,0.89%,20.47M,43.05M
IMGN,1.23B,10.49%,198.83M,198.84M
IMMP,326.96M,0.42%,61.59M,64.87M
IMMR,268.98M,4.94%,24.73M,28.58M
IMNM,271.54M,2.75%,8.45M,10.64M
IMPL,216.86M,-,-,19.41M
IMRA,133.70M,5.36%,15.12M,17.58M
IMRN,29.81M,0.19%,5.24M,5.60M
IMTE,31.70M,8.32%,3.09M,7.87M
IMTX,705.81M,5.40%,34.85M,62.91M
IMUX,300.60M,9.76%,15.29M,21.18M
IMV,164.54M,1.53%,62.05M,67.71M
IMVT,1.48B,16.76%,38.31M,97.92M
IMXI,596.90M,2.74%,30.95M,38.24M
INBX,834.55M,3.42%,22.50M,37.74M
INCY,18.18B,2.43%,216.75M,219.80M
INDY,-,-,-,-
INFI,288.11M,5.27%,78.35M,88.65M
INFN,1.95B,12.71%,201.21M,202.64M
INGN,1.40B,2.61%,22.07M,22.18M
INKAU,-,-,-,-
INM,23.75M,0.13%,8.01M,8.05M
INMB,193.50M,7.54%,10.48M,14.32M
INMD,3.27B,6.96%,24.25M,39.03M
INNV,2.85B,4.20%,18.96M,121.33M
INO,1.59B,27.43%,204.21M,208.31M
INOD,169.02M,1.19%,23.73M,25.87M
INOV,4.84B,4.43%,74.27M,150.30M
INPX,116.20M,6.77%,108.02M,109.62M
INSE,264.73M,1.17%,15.40M,22.59M
INSG,891.48M,26.48%,76.90M,101.37M
INSM,2.74B,8.58%,95.80M,103.04M
INTC,233.11B,1.46%,4.04B,4.06B
INTU,118.08B,0.87%,265.51M,273.00M
INTZ,246.53M,22.70%,8.93M,17.54M
INVA,1.38B,7.82%,100.94M,101.36M
INVE,346.50M,3.88%,19.44M,21.44M
INVO,44.90M,3.41%,8.56M,9.89M
INVZ,211.88M,27.94%,10.28M,19.01M
INZY,401.80M,4.07%,21.42M,23.43M
IONS,5.19B,8.02%,133.85M,140.77M
IOVA,2.86B,14.05%,143.25M,147.37M
IPA,149.20M,0.50%,17.07M,19.08M
IPDN,19.10M,1.97%,6.38M,13.26M
IPGP,11.06B,3.53%,36.10M,53.54M
IPVIU
IPW,148.12M,0.36%,8.26M,22.51M
IPWR,70.04M,1.75%,5.12M,5.34M
IQ,11.47B,12.21%,310.79M,789.53M
IRBT,2.74B,17.24%,27.57M,28.26M
IRDM,5.04B,6.20%,117.63M,135.07M
IRIX,121.91M,2.64%,11.17M,14.35M
IRTC,2.20B,7.76%,28.98M,29.16M
IRWD,1.90B,12.17%,159.99M,160.97M
ISBC,3.66B,6.31%,226.58M,234.66M
ISEE,635.38M,9.87%,84.91M,93.31M
ISIG,12.24M,9.08%,1.11M,1.75M
ISLE,401.88M,-,-,41.30M
ISNS,44.63M,11.80%,2.90M,5.32M
ISRG,98.80B,1.05%,117.14M,118.10M
ISTB,-,-,-,-
ISUN,84.92M,7.09%,5.00M,5.31M
ITAC
ITACU,-,0.00%,6.53M,-
ITCI,3.21B,8.84%,77.21M,80.95M
ITHXU,-,0.05%,3.42M,-
ITI,303.13M,1.26%,40.81M,41.21M
ITOS,733.07M,5.55%,34.85M,35.09M
ITQRU,-,0.04%,3.85M,-
ITRI,4.35B,3.74%,44.70M,45.12M
ITRM,220.30M,1.06%,176.16M,179.14M
IUSB,-,-,-,-
IUSG,-,-,-,-
IUSV,-,-,-,-
IVA,527.69M,1.83%,10.29M,38.63M
IVAC,143.52M,2.98%,23.33M,24.03M
IXUS,-,-,-,-
IZEA,175.31M,6.31%,56.07M,56.33M
JACK,2.51B,6.32%,21.79M,22.72M
JAGX,230.70M,4.46%,127.43M,127.91M
JAKK,54.40M,2.16%,4.34M,5.38M
JAMF,4.14B,2.63%,116.91M,117.39M
JAN,19.77M,5.70%,1.93M,2.40M
JAZZ,10.00B,6.52%,55.35M,56.47M
JBHT,18.20B,2.02%,84.11M,105.68M
JBLU,6.51B,3.60%,314.15M,316.30M
JCICU,-,-,-,-
JCOM,5.67B,9.04%,43.07M,44.40M
JCS,61.90M,2.44%,6.57M,9.33M
JD,114.67B,3.27%,935.77M,1.55B
JFIN,350.10M,0.53%,27.02M,54.02M
JFU,280.80M,3.03%,75.39M,202.00M
JG,303.01M,1.01%,62.51M,116.73M
JKHY,11.54B,3.15%,73.54M,76.20M
JNCE,404.51M,4.98%,41.85M,45.96M
JOAN,595.58M,1.05%,10.93M,42.15M
JOBS,4.82B,3.02%,55.98M,67.41M
JOET,-,-,-,-
JOFFU,-,-,-,-
JRJC,23.58M,2.75%,0.24M,2.30M
JRVR,1.31B,5.16%,29.78M,30.71M
JUPW,49.08M,3.34%,6.62M,11.17M
JWEL,184.79M,0.13%,20.08M,26.10M
JYAC,133.12M,0.01%,7.76M,13.45M
JYNT,992.28M,7.34%,13.70M,14.18M
JZXN,185.58M,-,15.00M,20.62M
KAIIU,-,-,-,-
KAIRU,-,0.00%,25.97M,-
KALA,351.71M,20.27%,40.25M,61.66M
KALV,652.32M,6.73%,21.28M,24.31M
KBAL,498.83M,2.56%,36.05M,36.86M
KBNT,75.10M,5.35%,10.06M,12.62M
KBSF,13.60M,15.11%,1.49M,2.71M
KBWB,-,-,-,-
KBWP,-,-,-,-
KC,8.71B,33.19%,14.24M,222.89M
KCAPL
KDMN,672.38M,26.32%,155.98M,171.69M
KDNY,758.50M,2.63%,39.99M,42.14M
KDP,51.95B,4.22%,804.02M,1.41B
KELYA,1.03B,1.84%,35.31M,39.30M
KERN,98.20M,14.63%,18.01M,22.21M
KFRC,1.38B,2.19%,20.55M,20.93M
KHC,53.12B,2.84%,661.33M,1.22B
KIDS,1.08B,13.20%,13.72M,19.20M
KIIIU,-,0.05%,5.47M,-
KIN,216.92M,4.69%,29.85M,41.09M
KINZ,339.77M,0.33%,17.10M,34.32M
KINZU,-,0.00%,27.60M,-
KIRK,392.08M,16.32%,13.36M,14.27M
KLAC,48.52B,1.49%,152.88M,153.80M
KLAQU,-,0.00%,28.75M,-
KLDO,296.39M,8.54%,38.85M,39.69M
KLIC,3.20B,2.56%,60.45M,62.07M
KLXE,104.81M,11.58%,5.26M,8.00M
KMDA,262.66M,3.45%,28.57M,44.75M
KMPH,286.52M,13.42%,25.46M,28.49M
KNBE,3.13B,6.11%,7.12M,167.58M
KNDI,418.39M,19.57%,60.85M,75.38M
KNSA,925.20M,15.45%,30.06M,68.27M
KNSL,3.78B,3.04%,21.42M,22.66M
KNTE,1.04B,5.01%,37.05M,43.48M
KOD,4.32B,7.23%,45.25M,51.57M
KOPN,671.90M,5.47%,76.89M,87.38M
KOSS,194.48M,18.57%,2.56M,8.10M
KPTI,700.64M,21.95%,67.72M,74.52M
KRBP
KRKR,97.91M,0.03%,20.97M,31.71M
KRMA,-,-,-,-
KRMD,190.91M,5.66%,39.45M,43.96M
KRNLU,-,0.24%,5.00M,-
KRNT,4.78B,1.24%,45.80M,46.04M
KRNY,1.06B,1.92%,72.93M,80.67M
KRON,1.43B,9.18%,43.98M,54.15M
KROS,1.23B,5.91%,18.31M,23.23M
KRT,368.79M,0.10%,5.02M,19.41M
KSICU,-,-,-,-
KSMT
KSMTU,-,0.00%,12.04M,-
KTOS,3.11B,3.20%,121.18M,124.10M
KTRA,56.80M,1.04%,28.48M,29.27M
KURA,1.53B,15.23%,62.30M,66.22M
KURI
KURIU,-,0.00%,34.27M,-
KVSA,357.03M,-,-,35.49M
KVSB,429.91M,-,-,42.73M
KVSC,575.15M,-,-,57.63M
KXIN,165.20M,3.40%,16.51M,41.72M
KYMR,2.06B,5.36%,40.08M,44.65M
KZIA,118.49M,0.63%,3.99M,10.74M
KZR,281.82M,9.34%,33.43M,51.06M
LABP,420.42M,1.62%,24.99M,26.07M
LAKE,205.80M,7.48%,7.77M,7.98M
LAMR,10.56B,1.63%,86.08M,100.97M
LAND,685.11M,1.92%,26.80M,26.88M
LASR,1.27B,3.18%,41.90M,42.78M
LATN,253.01M,0.08%,20.02M,25.00M
LAUR,2.84B,4.54%,106.96M,200.22M
LAZR,7.17B,17.55%,168.04M,332.99M
LAZY,258.69M,11.10%,6.52M,7.00M
LBPH,145.62M,0.07%,5.63M,6.81M
LBRDA,31.42B,0.14%,174.22M,194.43M
LBRDK,27.45B,-,-,165.07M
LBTYA,15.19B,0.75%,524.45M,575.12M
LBTYK,10.25B,-,-,376.62M
LCAAU,-,-,-,-
LCAHU
LCAPU
LCY,1.25B,8.39%,30.08M,62.50M
LCYAU,-,0.00%,30.08M,-
LDEM,-,-,-,-
LDHAU,-,-,-,-
LE,817.22M,6.76%,14.26M,32.61M
LECO,7.68B,1.35%,58.19M,59.64M
LEDS,38.70M,23.05%,2.42M,4.03M
LEE,167.67M,4.61%,5.06M,5.72M
LEGAU,-,-,-,-
LEGN,5.21B,1.33%,127.35M,133.15M
LEGO,263.08M,1.51%,4.57M,26.63M
LEGOU,-,0.08%,4.57M,-
LESL,5.45B,8.21%,180.40M,186.81M
LEXX,32.10M,18.27%,2.56M,4.05M
LFMD,317.49M,8.75%,16.58M,24.47M
LFTR,250.62M,0.49%,15.53M,25.52M
LFTRU,-,0.00%,17.00M,-
LGACU,-,0.00%,70.00M,-
LGHL,81.50M,7.19%,25.13M,37.03M
LGND,1.96B,10.07%,15.85M,16.43M
LGVN,125.80M,6.50%,2.60M,17.49M
LHAA,220.44M,-,-,22.27M
LHDX,193.60M,9.65%,37.63M,38.55M
LI,21.39B,31.23%,95.00M,1.11B
LIFE,69.60M,5.67%,13.32M,14.10M
LILA,3.38B,0.35%,201.25M,232.41M
LILAK,2.60B,-,-,181.15M
LINC,204.37M,0.54%,24.28M,24.89M
LIND,889.30M,10.77%,30.61M,49.87M
LITE,6.16B,9.94%,75.70M,75.80M
LIVE,76.95M,1.01%,1.29M,1.55M
LIVN,4.08B,3.99%,48.57M,48.74M
LIVX,369.81M,11.88%,53.88M,72.36M
LIXT,37.81M,0.38%,4.39M,12.77M
LIZI,321.09M,3.89%,37.88M,46.49M
LJAQU,-,0.00%,12.87M,-
LJPC,123.50M,8.63%,27.05M,27.43M
LKCO,505.39M,0.88%,181.77M,211.37M
LKQ,15.44B,1.77%,298.51M,303.04M
LLNW,387.10M,9.37%,120.02M,124.29M
LMACU,-,-,-,-
LMAOU,-,-,-,-
LMB,97.83M,1.65%,8.21M,9.22M
LMBS,-,-,-,-
LMFA,23.99M,2.90%,4.98M,5.05M
LMNL,126.72M,1.45%,10.06M,29.94M
LMNX,1.74B,5.57%,45.25M,45.89M
LMPX,165.80M,8.14%,5.99M,10.01M
LMRK,335.40M,0.14%,18.16M,25.49M
LNT,14.19B,1.51%,249.90M,250.00M
LNTH,1.54B,4.14%,65.75M,67.09M
LOB,2.61B,6.96%,31.20M,42.67M
LOCO,616.57M,8.59%,19.16M,35.80M
LOGC,141.81M,4.00%,25.95M,31.93M
LOGI,21.14B,7.30%,166.92M,168.75M
LOOP,400.03M,18.64%,15.59M,41.72M
LOPE,4.24B,1.89%,45.72M,46.08M
LOTZ,521.70M,10.49%,81.22M,119.11M
LOVE,1.29B,13.99%,12.64M,14.88M
LPCN,109.50M,3.63%,86.08M,88.29M
LPLA,11.77B,1.57%,79.33M,79.70M
LPRO,4.82B,3.27%,100.38M,126.80M
LPSN,3.82B,16.69%,64.15M,67.90M
LPTH,62.19M,2.72%,19.91M,26.37M
LPTX,96.70M,2.67%,44.01M,59.67M
LQDA,161.61M,4.31%,43.13M,43.44M
LQDT,851.44M,6.51%,26.50M,33.49M
LRCX,92.09B,1.88%,142.30M,142.68M
LRMR,132.21M,1.61%,15.05M,16.00M
LSAQ,101.60M,1.98%,1.62M,8.01M
LSCC,7.20B,4.56%,134.39M,136.40M
LSEA,428.07M,1.61%,10.31M,44.25M
LSXMA,26.59B,1.28%,298.93M,343.00M
LSXMK,9.94B,-,-,228.40M
LTBR,38.02M,2.29%,6.51M,6.59M
LTRN,170.55M,4.88%,6.37M,10.07M
LTRPA,444.82M,2.39%,72.33M,75.00M
LTRX,156.29M,0.96%,17.85M,28.82M
LULU,42.76B,1.86%,114.53M,130.34M
LUNA,322.36M,3.25%,30.26M,31.35M
LUNG,1.58B,3.39%,30.53M,35.37M
LUXA
LUXAU,-,0.00%,26.41M,-
LVHD,-,-,-,-
LVRAU,-,-,-,-
LVTX,280.00M,0.52%,16.98M,25.35M
LWAC
LWACU,-,0.02%,17.48M,-
LWAY,88.62M,3.97%,3.57M,15.60M
LX,1.76B,4.04%,36.48M,182.97M
LXRX,655.51M,2.89%,138.35M,143.38M
LYFT,18.28B,9.74%,269.26M,326.17M
LYL,15.50M,4.71%,5.68M,11.42M
LYRA,96.28M,4.31%,9.60M,12.95M
LYTS,247.19M,2.90%,24.06M,26.77M
MAAC,505.70M,0.85%,30.80M,51.34M
MAACU,-,0.00%,41.06M,-
MACAU,-,0.01%,11.63M,-
MACK,85.31M,2.46%,13.35M,13.40M
MACQU,-,0.01%,28.24M,-
MACUU
MAGS,99.11M,0.12%,13.30M,23.16M
MANH,8.64B,1.58%,62.72M,63.65M
MAQCU
MAR,47.49B,2.29%,271.96M,326.70M
MARA,2.57B,14.47%,88.77M,94.35M
MARK,163.89M,8.27%,88.67M,99.76M
MARPS,9.08M,0.05%,1.61M,2.00M
MASI,11.92B,2.41%,50.56M,55.20M
MASS,1.10B,8.73%,21.52M,27.29M
MAT,7.43B,3.92%,347.44M,349.04M
MAXN,681.97M,14.39%,20.34M,34.12M
MBB,-,-,-,-
MBII,254.20M,1.50%,82.95M,168.94M
MBIO,292.49M,6.21%,71.76M,80.47M
MBOT,54.84M,5.28%,6.81M,7.11M
MBRX,103.79M,3.98%,27.87M,28.44M
MCADR
MCAEU
MCBS,441.95M,1.64%,16.79M,25.68M
MCFE,10.91B,2.01%,156.99M,162.40M
MCFT,532.71M,3.27%,18.26M,18.82M
MCHI,-,-,-,-
MCHP,42.60B,2.88%,268.20M,271.30M
MCHX,105.90M,2.07%,34.10M,43.75M
MCRB,1.97B,8.52%,83.37M,91.53M
MDB,18.11B,8.92%,59.76M,60.51M
MDCA,354.49M,0.76%,36.08M,73.31M
MDGS,40.29M,-,-,23.29M
MDIA,24.30M,0.15%,1.92M,7.12M
MDIV,-,-,-,-
MDJH,69.87M,1.82%,1.46M,11.65M
MDLZ,88.93B,0.94%,1.40B,1.41B
MDNA,205.79M,0.83%,36.63M,52.90M
MDRR,23.29M,9.91%,5.05M,5.86M
MDRX,2.46B,10.12%,138.28M,140.19M
MDVL,421.79M,0.68%,32.16M,32.44M
MDXG,1.15B,5.59%,107.00M,109.40M
MEDP,5.97B,2.41%,28.40M,35.75M
MEDS,30.70M,0.10%,3.28M,8.09M
MEIP,320.89M,10.23%,109.40M,112.56M
MELI,67.55B,2.92%,45.75M,49.87M
MEOH,2.82B,1.75%,75.92M,76.21M
MERC,968.76M,2.14%,40.46M,65.86M
MESA,395.22M,5.68%,31.70M,35.63M
MESO,971.43M,1.33%,101.86M,117.27M
METC,257.08M,0.88%,9.95M,43.44M
METX,103.26M,11.83%,24.87M,55.66M
MFH,56.59M,2.44%,5.58M,8.23M
MFIN,229.13M,1.50%,20.59M,24.52M
MFNC,226.56M,3.32%,9.87M,10.52M
MGEE,2.71B,1.16%,36.10M,36.16M
MGI,784.78M,7.29%,73.05M,79.60M
MGLN,2.46B,6.28%,25.73M,25.95M
MGNI,3.81B,9.85%,111.63M,115.30M
MGNX,1.89B,8.36%,56.32M,57.20M
MGTA,585.76M,4.27%,43.51M,48.57M
MGTX,616.41M,1.55%,29.61M,43.97M
MHLD,304.09M,1.23%,61.96M,85.13M
MICT,219.80M,4.74%,106.59M,114.18M
MIDD,9.31B,9.32%,55.02M,55.21M
MILE,1.07B,-,-,126.06M
MIME,3.25B,4.18%,57.51M,64.43M
MIND,31.70M,0.20%,12.97M,13.41M
MIRM,489.09M,2.79%,26.59M,30.11M
MIST,174.00M,1.24%,27.04M,41.26M
MITC,86.14M,1.26%,6.81M,12.31M
MITK,744.04M,8.12%,41.80M,43.14M
MITO,77.30M,31.07%,5.03M,54.40M
MKD,117.20M,4.11%,42.96M,116.90M
MKGI,57.20M,3.29%,12.57M,14.60M
MKSI,10.35B,1.00%,55.12M,55.30M
MKTY,96.64M,0.89%,6.90M,9.80M
MLAC,177.92M,0.23%,14.38M,17.25M
MLACU
MLCO,8.25B,1.04%,455.32M,477.43M
MLHR,2.84B,7.97%,58.62M,58.98M
MLND,21.71M,8.62%,17.85M,19.02M
MMAC,155.59M,3.19%,4.54M,5.82M
MMLP,102.39M,1.02%,31.73M,38.69M
MMSI,3.41B,3.77%,54.73M,55.72M
MMYT,2.83B,5.11%,46.09M,106.71M
MNKD,1.10B,15.78%,235.07M,246.63M
MNMD,1.11B,-,286.31M,326.13M
MNOV,200.91M,9.34%,41.96M,47.53M
MNPR,72.52M,1.66%,4.15M,12.14M
MNRO,2.11B,7.54%,32.93M,33.43M
MNST,49.32B,1.51%,375.04M,528.20M
MNTK,1.41B,2.10%,13.22M,141.01M
MOGO,480.28M,2.10%,46.95M,59.59M
MOHO,62.99M,0.21%,14.50M,34.88M
MOMO,2.92B,5.75%,159.09M,207.46M
MONCU,-,-,-,-
MORF,1.81B,3.07%,19.65M,33.53M
MOSY,27.98M,14.55%,5.10M,6.13M
MOTN
MOTNU,-,0.00%,9.37M,-
MOTS,48.70M,12.66%,41.40M,42.23M
MOVE,167.08M,-,-,8.05M
MOXC,327.54M,4.14%,10.56M,16.19M
MPACU,-,-,-,-
MPWR,15.67B,1.47%,44.69M,45.50M
MRAC
MRACU,-,-,-,-
MRAM,105.41M,1.00%,18.55M,19.09M
MRCY,3.69B,2.21%,55.11M,55.15M
MREO,347.50M,13.76%,59.64M,106.27M
MRIN,17.79M,3.52%,9.95M,10.30M
MRKR,249.01M,4.51%,59.78M,83.01M
MRLN,272.49M,2.24%,11.10M,11.83M
MRM,46.71M,1.55%,0.80M,4.92M
MRNA,72.09B,3.29%,362.60M,400.00M
MRNS,625.70M,12.58%,36.58M,36.60M
MRSN,1.00B,12.77%,67.99M,68.99M
MRTN,1.41B,3.18%,58.97M,82.76M
MRTX,7.87B,9.50%,47.20M,50.78M
MRUS,807.30M,2.66%,35.03M,36.21M
MRVI,9.69B,5.53%,96.40M,96.65M
MRVL,39.07B,1.90%,671.90M,673.53M
MSDAU,-,-,-,-
MSEX,1.48B,1.92%,16.75M,17.48M
MSFT,1877.70B,0.54%,7.53B,7.54B
MSGM,298.17M,1.22%,3.42M,18.36M
MSTR,4.81B,20.39%,7.78M,9.65M
MTACU,-,0.00%,23.62M,-
MTC,42.50M,0.88%,12.03M,20.70M
MTCH,38.65B,5.07%,262.64M,268.65M
MTCR,109.88M,1.62%,20.78M,26.01M
MTEM,504.93M,3.41%,41.19M,52.56M
MTLS,1.49B,16.43%,9.00M,52.39M
MTP,24.21M,2.88%,6.25M,12.68M
MTRX,286.67M,3.52%,25.82M,26.52M
MTSI,4.05B,6.12%,48.30M,68.50M
MTSL,12.10M,1.84%,3.28M,6.26M
MU,94.12B,2.11%,1.12B,1.12B
MUDS,543.13M,7.21%,23.72M,39.79M
MUDSU
MVIS,2.50B,21.62%,156.90M,157.95M
MXIM,27.15B,4.69%,266.79M,267.89M
MYGN,2.23B,7.51%,75.79M,76.00M
MYMD,165.58M,3.85%,32.14M,37.14M
MYSZ,15.42M,6.55%,11.79M,12.15M
MYT,39.11M,4.90%,7.94M,18.19M
NAACU,-,0.00%,34.98M,-
NAKD,397.08M,9.45%,424.36M,641.48M
NAOV,20.29M,0.77%,21.18M,24.17M
NARI,4.41B,3.06%,35.56M,49.36M
NATI,5.36B,2.47%,121.22M,131.48M
NAVI,3.28B,5.04%,174.99M,183.00M
NBEV,326.49M,5.03%,131.93M,135.39M
NBIX,9.19B,5.76%,92.33M,94.20M
NBRV,49.60M,10.49%,24.78M,26.41M
NBSE,173.71M,6.55%,19.30M,23.18M
NBSTU,-,-,-,-
NCMI,409.80M,5.04%,60.32M,78.48M
NCNA,160.10M,1.01%,32.48M,51.65M
NCNO,5.68B,4.82%,90.80M,92.83M
NCTY,198.52M,5.88%,8.28M,16.91M
NDACU,-,0.27%,6.00M,-
NDAQ,27.24B,2.38%,114.12M,164.71M
NDRA,87.90M,3.02%,38.26M,41.64M
NDSN,12.98B,0.69%,51.57M,58.06M
NEBC
NEBCU,-,-,-,-
NEGG,3.98B,-,-,3.60M
NEO,4.80B,5.48%,112.84M,116.20M
NEOG,4.98B,2.84%,53.32M,53.41M
NEON,71.27M,3.29%,6.37M,11.50M
NEPT,210.18M,5.47%,111.31M,165.49M
NERV,126.50M,12.44%,41.21M,42.72M
NESR,1.13B,3.21%,45.95M,90.03M
NETE,55.16M,6.48%,4.48M,5.97M
NEXI,433.47M,4.18%,6.47M,23.33M
NEXT,240.71M,1.69%,110.07M,118.26M
NFBK,869.02M,1.22%,40.91M,49.53M
NFE,8.97B,2.75%,112.95M,176.50M
NFLX,223.41B,2.09%,436.78M,443.22M
NFTY
NGAC,463.64M,2.84%,37.50M,46.88M
NGACU,-,0.00%,34.50M,-
NGCAU,-,-,-,-
NGM,1.18B,3.40%,54.17M,76.03M
NGMS,1.48B,6.88%,5.53M,24.98M
NH,286.89M,3.45%,47.17M,111.32M
NHIC,215.60M,0.57%,9.89M,21.56M
NHICU,-,-,-,-
NICE,14.16B,1.80%,62.73M,63.09M
NISN,257.83M,3.82%,9.86M,19.01M
NIU,2.53B,2.60%,66.52M,86.64M
NKLA,6.10B,34.64%,172.47M,392.19M
NKTR,3.27B,10.03%,180.56M,181.37M
NKTX,826.44M,7.38%,28.02M,32.74M
NLOK,16.04B,3.23%,574.08M,583.00M
NLSP,40.99M,2.24%,3.41M,11.88M
NLTX,423.47M,8.84%,32.88M,54.94M
NMFC,1.29B,-,-,96.83M
NMIH,2.09B,2.28%,84.59M,85.32M
NMMCU
NMRD,314.12M,16.76%,8.80M,22.92M
NMRK,2.47B,1.42%,168.94M,183.25M
NMTR,319.21M,4.88%,180.50M,211.28M
NNBR,316.10M,3.34%,42.24M,42.67M
NNDM,1.84B,12.13%,246.81M,258.65M
NNOX,1.24B,18.27%,34.45M,46.84M
NOACU,-,0.01%,22.30M,-
NOVN,121.99M,1.76%,14.07M,15.00M
NPCE,509.05M,10.40%,1.10M,22.20M
NRACU,-,-,-,-
NRBO,64.69M,3.21%,11.73M,21.62M
NRIX,1.14B,13.29%,35.98M,38.78M
NSPR,42.80M,4.87%,5.60M,7.85M
NSSC,606.22M,7.61%,14.46M,18.35M
NSTG,2.45B,8.66%,44.33M,44.67M
NSYS,16.83M,0.34%,1.20M,2.66M
NTAP,17.58B,4.30%,221.47M,223.00M
NTCT,2.14B,4.60%,70.69M,73.55M
NTEC,16.97M,11.38%,4.37M,4.50M
NTES,78.08B,1.71%,351.37M,669.93M
NTGR,1.20B,12.15%,29.86M,30.66M
NTLA,4.89B,10.91%,60.87M,67.18M
NTNX,6.52B,3.53%,190.96M,202.52M
NTRA,8.14B,7.65%,84.52M,86.69M
NTRS,25.28B,1.15%,207.37M,208.11M
NTWK,53.11M,1.09%,9.58M,11.34M
NUAN,15.09B,19.18%,283.99M,285.28M
NURO,11.30M,1.95%,3.77M,3.80M
NUVA,3.54B,7.65%,51.34M,51.38M
NUWE,27.09M,0.70%,5.77M,6.53M
NUZE,53.51M,0.70%,11.50M,15.26M
NVAX,11.17B,7.56%,69.32M,73.03M
NVCN,60.96M,5.02%,55.67M,66.98M
NVCR,20.82B,5.55%,89.53M,102.63M
NVDA,385.96B,1.12%,597.27M,621.00M
NVFY,16.71M,0.20%,3.48M,5.60M
NVIV,24.98M,8.40%,34.17M,34.18M
NVMI,2.78B,3.02%,28.13M,28.21M
NVOS,61.01M,0.12%,7.97M,23.75M
NVSAU,-,-,-,-
NVVE,197.43M,16.17%,5.75M,19.49M
NWBI,1.79B,3.21%,120.55M,126.18M
NWE,3.02B,1.28%,44.09M,50.63M
NWL,12.16B,2.26%,421.74M,424.90M
NWS,15.11B,0.20%,508.41M,588.30M
NWSA,15.78B,1.74%,509.75M,590.80M
NXGN,1.09B,2.10%,54.38M,67.02M
NXPI,57.97B,1.90%,275.00M,277.53M
NXST,6.59B,5.21%,41.07M,43.30M
NXTC,219.80M,4.32%,23.94M,27.60M
NXTD,41.99M,4.51%,46.02M,48.19M
NYMT,1.71B,3.04%,376.24M,378.88M
NYMX,131.40M,10.71%,43.32M,77.97M
OAS,1.77B,0.88%,18.94M,20.00M
OBLG,98.70M,1.03%,12.66M,17.76M
OBLN,32.39M,9.93%,7.75M,9.44M
OBSV,164.60M,1.68%,36.78M,68.57M
OCAXU,-,0.00%,14.95M,-
OCC,25.70M,0.19%,4.82M,7.35M
OCDX,4.84B,2.95%,90.30M,206.20M
OCFC,1.33B,1.09%,58.65M,59.84M
OCG,103.20M,2.98%,14.13M,20.25M
OCGN,1.73B,20.86%,182.53M,186.30M
OCSL,1.22B,-,-,180.36M
OCUL,1.11B,7.84%,75.94M,76.07M
OCUP,54.71M,5.87%,10.28M,10.92M
OCX,397.09M,3.41%,80.52M,82.12M
ODFL,30.65B,1.47%,101.98M,116.50M
ODP,2.38B,7.77%,47.63M,53.00M
ODT,128.99M,5.00%,37.15M,37.40M
OEG,177.00M,3.18%,38.21M,44.56M
OEPWU,-,-,-,-
OESX,200.89M,6.61%,27.59M,30.74M
OGI,957.33M,5.77%,239.56M,298.23M
OHPAU,-,0.01%,5.62M,-
OIIM,207.52M,2.21%,25.64M,28.27M
OKTA,27.81B,5.28%,112.26M,131.78M
OLB,35.60M,3.70%,3.05M,6.30M
OLED,10.08B,1.96%,43.08M,47.27M
OLK,4.20B,6.29%,11.62M,119.01M
OLLI,5.27B,14.84%,56.85M,65.42M
OLMA,1.14B,3.91%,36.30M,39.33M
OM,2.24B,5.47%,42.46M,42.76M
OMAB,2.19B,1.16%,35.70M,48.76M
OMCL,6.01B,5.70%,42.60M,42.96M
OMEG,174.11M,0.00%,13.55M,17.75M
OMER,923.10M,22.34%,59.75M,61.93M
OMIC
OMP,1.34B,7.78%,4.97M,22.05M
ON,17.20B,2.79%,421.50M,427.01M
ONB,3.16B,3.57%,163.51M,165.00M
ONCR,432.06M,4.43%,23.04M,24.01M
ONCS,147.21M,1.93%,23.31M,28.68M
ONCT,276.48M,2.45%,43.53M,49.09M
ONCY,160.49M,1.96%,51.19M,52.77M
ONDS,223.03M,2.16%,17.35M,26.67M
ONEM,4.84B,10.23%,110.31M,136.52M
ONEQ,-,-,-,-
ONEW,746.97M,3.58%,9.08M,10.90M
ONTX,111.32M,0.12%,221.88M,236.61M
ONVO,55.37M,7.52%,6.64M,6.86M
OPCH,3.42B,2.67%,94.73M,179.81M
OPEN,9.17B,5.93%,489.20M,565.38M
OPGN,82.30M,1.37%,36.02M,38.27M
OPHC,12.09M,0.13%,1.90M,3.20M
OPI,1.40B,3.21%,47.45M,48.16M
OPK,2.60B,19.89%,400.37M,640.85M
OPNT,55.28M,0.56%,4.03M,4.28M
OPRA,1.33B,0.89%,54.86M,115.12M
OPRT,543.97M,0.63%,24.94M,27.77M
OPRX,864.51M,6.32%,14.94M,16.10M
OPT,386.20M,0.28%,25.49M,42.21M
OPTN,171.02M,17.73%,28.47M,53.00M
OPTT,123.40M,7.20%,50.84M,50.99M
ORBC,892.96M,4.42%,74.88M,79.07M
ORGO,2.30B,4.63%,53.90M,127.87M
ORGS,113.60M,6.80%,23.14M,24.19M
ORIAU
ORIC,904.86M,15.40%,36.23M,36.68M
ORLY,36.91B,1.52%,68.84M,70.38M
ORMP,353.09M,9.02%,27.75M,30.23M
ORPH,195.73M,0.06%,24.59M,34.95M
ORTX,638.90M,5.79%,81.79M,114.83M
OSMT,184.41M,13.83%,20.33M,62.68M
OSN,30.92M,0.24%,2.25M,6.60M
OSPN,1.05B,4.92%,34.89M,40.00M
OSS,107.42M,0.48%,13.97M,17.35M
OSTK,3.85B,8.33%,42.62M,42.88M
OSTRU,-,-,-,-
OSUR,700.18M,8.35%,70.84M,71.88M
OSW,813.40M,24.41%,24.86M,87.12M
OTECU
OTEX,12.78B,0.98%,269.10M,272.83M
OTIC,134.21M,2.44%,37.52M,52.32M
OTLK,461.79M,1.21%,89.63M,150.73M
OTLY,-,-,-,-
OTRK,537.42M,36.80%,7.14M,17.62M
OVID,286.81M,7.97%,46.77M,66.09M
OXBR,13.89M,1.12%,3.54M,5.73M
OXLC,672.76M,-,-,96.80M
OXSQ,244.52M,0.30%,46.80M,49.60M
OZK,5.46B,2.41%,126.20M,129.49M
OZON,11.01B,11.65%,33.00M,209.54M
PAA,7.66B,4.10%,470.95M,722.00M
PAAS,7.11B,1.19%,210.03M,210.26M
PACB,5.37B,7.58%,184.93M,194.79M
PACW,5.28B,2.30%,114.45M,116.85M
PACX
PACXU,-,-,-,-
PAE,772.54M,4.32%,63.57M,92.61M
PAGP,2.12B,3.36%,189.12M,194.00M
PALI,26.78M,-,-,2.89M
PANA,177.95M,-,-,17.80M
PANL,191.20M,2.29%,25.76M,43.97M
PAQCU,-,-,-,-
PASG,746.50M,7.71%,46.22M,51.33M
PAVM,434.39M,6.99%,73.72M,73.95M
PAX,2.24B,1.83%,51.75M,132.37M
PAYA,1.27B,6.21%,116.96M,117.81M
PAYS,169.11M,5.59%,31.24M,50.35M
PAYX,36.35B,2.44%,321.63M,360.60M
PBCT,8.02B,2.32%,417.87M,419.10M
PBLA,43.09M,2.21%,8.21M,9.89M
PBPB,196.30M,2.32%,20.20M,25.94M
PBTS,59.50M,0.15%,7.90M,9.09M
PBYI,430.65M,11.77%,34.93M,40.26M
PCAR,31.72B,1.36%,341.11M,347.60M
PCH,4.05B,1.61%,64.71M,67.21M
PCRX,2.70B,15.95%,43.66M,43.83M
PCSA,97.48M,0.70%,9.58M,14.58M
PCT,2.05B,4.14%,116.18M,117.62M
PCTI,123.10M,3.76%,15.88M,18.07M
PCTY,9.22B,2.18%,38.41M,54.41M
PCVX,1.13B,8.86%,42.06M,51.17M
PCYG,119.02M,4.58%,12.19M,19.55M
PDBC,-,-,-,-
PDCE,4.11B,6.58%,97.98M,99.70M
PDCO,3.21B,9.75%,85.55M,95.73M
PDD,149.97B,2.69%,891.99M,1.25B
PDEV
PDP,-,-,-,-
PDSB,257.30M,5.18%,16.43M,22.26M
PEGA,9.77B,5.85%,39.50M,81.00M
PENN,13.02B,7.93%,153.71M,155.70M
PEP,202.42B,0.76%,1.38B,1.38B
PERI,541.35M,0.84%,27.88M,32.15M
PETQ,1.18B,13.66%,23.79M,26.39M
PETS,580.02M,29.66%,19.59M,20.10M
PETZ,118.11M,0.90%,10.07M,45.85M
PEY,-,-,-,-
PFDRU,-,-,-,-
PFF,-,-,-,-
PFG,17.75B,1.34%,270.87M,272.90M
PFIE,52.31M,0.10%,32.75M,47.99M
PFIN,20.11M,1.36%,1.45M,3.17M
PFMT,183.39M,4.35%,35.33M,54.81M
PFPT,9.91B,5.25%,56.52M,57.33M
PFSW,159.11M,3.96%,14.76M,21.27M
PGEN,1.41B,13.41%,176.75M,193.50M
PGNY,5.40B,3.64%,65.86M,87.40M
PGRWU,-,0.00%,16.95M,-
PHAS,163.49M,22.21%,17.52M,31.28M
PHAT,1.16B,3.72%,26.19M,36.30M
PHCF,40.90M,0.07%,3.77M,11.51M
PHICU,-,0.01%,16.48M,-
PHIO,29.90M,9.85%,13.49M,13.53M
PHUN,98.21M,8.89%,63.20M,64.59M
PHVS,671.17M,1.78%,27.49M,32.74M
PI,1.25B,11.46%,22.75M,23.67M
PIE,-,-,-,-
PINC,4.23B,1.57%,121.29M,122.25M
PIRS,241.21M,4.61%,55.96M,56.30M
PIXY,54.00M,16.37%,7.67M,32.75M
PIZ,-,-,-,-
PKW,-,-,-,-
PLAB,860.06M,2.75%,61.64M,62.48M
PLAY,2.01B,21.51%,38.32M,47.64M
PLBY,1.52B,26.10%,11.99M,29.82M
PLCE,1.43B,23.17%,13.75M,14.64M
PLIN,46.99M,4.96%,15.49M,22.77M
PLL,1.02B,10.79%,10.60M,15.75M
PLMIU,-,-,-,-
PLMR,1.84B,4.03%,24.23M,25.55M
PLRX,1.09B,5.49%,32.65M,35.65M
PLTK,11.28B,13.94%,80.56M,406.50M
PLUG,17.01B,13.22%,412.85M,426.31M
PLW,-,-,-,-
PLXP,335.97M,5.42%,17.80M,22.84M
PLYA,1.20B,5.78%,130.17M,160.83M
PMBC,190.00M,0.21%,19.25M,23.56M
PME,79.87M,0.03%,41.41M,79.07M
PMGMU,-,-,-,-
PMVP,1.58B,8.30%,39.55M,44.78M
PNFP,6.93B,1.41%,74.26M,75.37M
PNNT,445.85M,-,-,67.05M
POAI,56.81M,9.48%,46.64M,48.80M
PODD,18.03B,3.79%,65.97M,66.11M
POLA,125.19M,13.63%,7.04M,12.51M
POOL,17.31B,1.85%,38.85M,40.22M
POSH,3.51B,38.31%,8.00M,75.29M
POTX,-,-,-,-
POWI,4.96B,2.97%,60.05M,60.18M
POWRU,-,0.00%,26.88M,-
POWW,509.29M,9.44%,16.67M,53.82M
PPBI,4.32B,1.43%,93.12M,93.53M
PPBT,95.61M,2.18%,16.24M,17.51M
PPC,5.84B,3.54%,47.41M,243.58M
PPD,16.19B,6.43%,158.64M,349.88M
PPGHU,-,-,-,-
PPSI,34.19M,1.65%,3.95M,8.73M
PPTA,366.88M,1.18%,21.23M,47.52M
PRAA,1.76B,7.68%,44.97M,45.67M
PRAH,11.08B,4.07%,64.62M,64.80M
PRAX,813.18M,4.22%,37.95M,38.47M
PRCH,1.70B,7.70%,78.38M,99.46M
PRDO,865.00M,6.96%,69.74M,70.15M
PRFT,2.38B,6.62%,32.22M,33.05M
PRFX,30.19M,-,-,10.06M
PRGS,2.00B,3.61%,43.52M,44.11M
PRIM,1.69B,1.81%,48.48M,49.50M
PRLD,1.55B,6.35%,31.86M,45.12M
PROG,160.30M,6.26%,45.00M,57.49M
PRPH,84.29M,1.74%,12.44M,14.56M
PRPL,1.96B,8.49%,47.10M,64.59M
PRPO,80.60M,10.78%,17.93M,18.13M
PRQR,396.80M,6.10%,42.05M,50.81M
PRSRU,-,0.01%,40.62M,-
PRTA,1.34B,8.62%,20.72M,40.25M
PRTH,537.23M,1.79%,10.10M,67.54M
PRTK,394.23M,9.93%,42.91M,46.66M
PRTS,788.73M,25.95%,35.24M,48.76M
PRTY,1.04B,6.28%,105.42M,110.92M
PRVA,3.36B,-,-,102.79M
PRVB,676.83M,9.05%,47.69M,62.26M
PSAC,373.09M,19.60%,23.28M,29.52M
PSACU
PSAGU,-,0.82%,4.84M,-
PSC,-,-,-,-
PSCE,-,-,-,-
PSEC,3.29B,-,-,387.00M
PSHG,23.02M,6.89%,2.19M,4.97M
PSNL,977.42M,6.26%,42.02M,42.27M
PSTI,116.21M,0.78%,26.55M,29.62M
PSTV,49.60M,6.45%,21.06M,21.11M
PSTX,540.72M,8.57%,37.50M,61.98M
PT,38.57M,4.35%,33.83M,42.61M
PTC,15.55B,1.56%,105.16M,116.78M
PTCT,2.76B,7.43%,68.39M,70.19M
PTE,87.10M,9.49%,67.31M,76.16M
PTEN,1.61B,8.61%,180.76M,187.68M
PTGX,1.55B,9.02%,43.26M,44.22M
PTICU,-,0.00%,21.51M,-
PTIX,35.39M,3.71%,6.82M,10.52M
PTMN,-,-,-,-
PTOCU,-,-,-,-
PTON,33.59B,7.82%,261.13M,295.65M
PTPI,31.00M,0.89%,6.20M,9.75M
PTVCB,329.46M,0.73%,10.51M,14.15M
PTVE,2.71B,2.86%,42.68M,177.10M
PUBM,214.80M,46.39%,7.44M,19.98M
PUCK,319.34M,0.43%,25.14M,33.16M
PUCKU,-,0.00%,25.14M,-
PULM,53.53M,1.92%,52.72M,56.25M
PUYI,331.73M,0.55%,7.49M,60.31M
PVAC,293.83M,7.59%,15.09M,15.26M
PVBC,310.93M,1.50%,15.83M,17.26M
PWFL,242.91M,2.26%,33.93M,35.99M
PXI,-,-,-,-
PXLW,177.99M,4.83%,48.37M,51.67M
PXS,30.18M,3.93%,7.98M,22.90M
PYPD,173.00M,0.19%,16.17M,18.50M
PYPL,304.81B,1.09%,1.17B,1.17B
PZZA,3.10B,6.88%,31.41M,32.76M
QCLN,-,-,-,-
QCOM,150.75B,1.92%,1.13B,1.13B
QDEL,5.17B,12.27%,37.47M,42.51M
QELL,469.18M,2.82%,37.95M,47.44M
QELLU,-,0.01%,31.67M,-
QFIN,4.50B,3.03%,119.73M,152.44M
QH,219.56M,0.31%,8.91M,51.91M
QIWI,697.43M,4.55%,11.88M,62.39M
QK,51.20M,0.04%,37.85M,42.61M
QLGN,53.90M,6.94%,25.91M,28.17M
QLI,171.22M,0.30%,8.06M,36.43M
QLYS,3.81B,13.95%,33.66M,39.21M
QMCO,466.37M,2.24%,39.70M,50.29M
QNST,985.00M,2.28%,49.09M,53.43M
QQQ,-,-,-,-
QQQJ,-,-,-,-
QRTEA,5.69B,6.12%,370.79M,411.00M
QRTEB,419.46M,-,-,29.35M
QRTEP,-,0.01%,372.10M,-
QRVO,20.84B,2.28%,112.07M,113.26M
QTEC,-,-,-,-
QTNT,428.81M,6.69%,75.67M,101.02M
QTRX,1.85B,2.53%,33.80M,34.44M
QTT,654.50M,5.97%,157.38M,297.10M
QUIK,71.00M,3.28%,11.23M,11.26M
QUMU,83.90M,0.81%,11.64M,16.44M
QURE,1.60B,9.93%,40.10M,45.47M
QYLD,-,-,-,-
RAAC
RAACU,-,0.00%,21.43M,-
RACA,200.10M,3.69%,10.30M,17.43M
RACB,187.16M,0.05%,12.47M,18.30M
RADA,574.19M,3.03%,42.83M,45.14M
RADI,943.36M,3.15%,34.91M,59.48M
RAIL,93.91M,8.09%,11.87M,20.00M
RAIN,537.68M,4.09%,7.48M,27.06M
RAMMU
RAPT,482.11M,4.84%,24.02M,24.84M
RARE,6.99B,7.93%,64.62M,67.10M
RAVE,26.30M,0.78%,16.00M,17.99M
RAVN,1.60B,1.38%,35.37M,36.04M
RBBN,1.09B,1.91%,118.43M,145.94M
RCHGU,-,0.00%,18.09M,-
RCII,4.13B,2.79%,53.73M,56.25M
RCKT,2.74B,14.12%,57.63M,61.57M
RCLFU,-,0.10%,4.37M,-
RCM,6.36B,2.67%,133.31M,239.29M
RCMT,42.60M,2.75%,8.08M,11.54M
RCON,219.55M,12.50%,3.62M,7.33M
RDFN,6.12B,10.84%,98.47M,103.43M
RDHL,333.21M,6.63%,34.99M,42.96M
RDI,173.97M,0.61%,16.59M,21.76M
RDNT,1.40B,2.40%,45.06M,51.95M
RDUS,937.88M,12.18%,46.76M,46.98M
RDVY,-,-,-,-
RDWR,1.34B,6.00%,37.84M,46.23M
REAL,1.62B,17.98%,86.28M,90.04M
REDU,195.37M,0.29%,20.37M,56.48M
REED,93.20M,1.49%,85.12M,86.63M
REFR,77.90M,7.41%,26.77M,31.64M
REG,10.89B,2.05%,167.75M,168.03M
REGI,2.92B,9.77%,39.52M,40.43M
REGN,52.77B,2.20%,101.56M,105.40M
REKR,459.15M,12.97%,30.58M,35.94M
RELI,41.89M,2.00%,5.29M,7.54M
RELL,109.61M,0.63%,10.12M,13.21M
REPH,103.81M,4.94%,25.04M,29.74M
REPL,1.80B,6.53%,41.81M,51.69M
RESN,206.00M,9.78%,54.12M,59.78M
RETA,4.99B,12.50%,29.83M,36.20M
RETO,28.21M,0.08%,11.79M,24.63M
REVHU,-,-,-,-
REYN,6.32B,5.32%,54.19M,209.90M
RGEN,9.96B,3.24%,51.06M,54.80M
RGLD,8.15B,2.55%,65.37M,65.55M
RGLS,77.23M,8.30%,71.22M,71.29M
RGNX,1.50B,10.31%,37.12M,41.82M
RHE,21.69M,32.96%,1.51M,1.69M
RIBT,48.60M,0.99%,42.50M,45.63M
RIDE,1.86B,30.83%,111.08M,165.97M
RIGL,641.51M,14.11%,169.50M,169.80M
RILY,1.98B,8.90%,15.53M,26.97M
RILYT
RING,-,-,-,-
RIOT,2.40B,19.72%,82.13M,83.16M
RKDA,60.19M,6.80%,19.53M,21.34M
RLAY,3.00B,9.42%,88.58M,90.20M
RLMD,608.44M,5.53%,16.38M,16.57M
RMBL,136.59M,0.65%,1.99M,2.30M
RMBS,2.21B,3.85%,110.86M,112.21M
RMCF,38.31M,0.29%,4.95M,6.07M
RMED,16.70M,39.75%,2.68M,2.92M
RMGB,429.08M,1.68%,25.88M,43.21M
RMGBU,-,-,-,-
RMGCU,-,-,-,-
RMNI,576.40M,3.53%,32.92M,78.73M
RMTI,81.61M,8.93%,91.56M,93.70M
RNA,909.24M,20.42%,32.27M,37.52M
RNLX,1.24B,8.87%,5.51M,36.02M
RNST,2.48B,4.87%,54.26M,56.24M
RNWK,113.00M,5.75%,30.02M,38.50M
ROAD,1.69B,2.19%,34.05M,51.69M
ROCC,144.39M,1.55%,6.39M,14.60M
ROCCU,-,0.00%,10.58M,-
ROCRU,-,0.03%,2.20M,-
ROIC,2.11B,3.67%,115.67M,117.74M
ROKU,46.21B,3.19%,114.93M,129.67M
ROOT,2.25B,30.61%,53.27M,247.10M
ROST,44.81B,1.02%,348.98M,352.61M
RPAY,2.06B,10.52%,73.72M,80.45M
RPD,4.63B,9.93%,51.22M,52.91M
RPHM,234.57M,13.02%,3.56M,23.34M
RPRX,24.39B,16.41%,110.69M,383.99M
RPTX,1.20B,2.17%,36.44M,36.92M
RRGB,564.44M,9.19%,13.86M,15.58M
RRR,5.29B,5.44%,65.32M,70.73M
RSSS,59.61M,0.32%,16.37M,26.03M
RSVA,209.59M,9.89%,8.34M,28.75M
RSVAU,-,-,-,-
RTLR,1.59B,0.46%,40.27M,41.74M
RTPYU,-,-,-,-
RUBY,2.21B,12.92%,35.41M,82.31M
RUN,9.24B,16.27%,196.82M,202.56M
RUTH,848.28M,2.77%,33.02M,34.28M
RVMD,2.22B,12.78%,68.65M,70.42M
RVNC,2.12B,4.72%,65.55M,66.64M
RVPH,51.20M,4.47%,5.23M,9.23M
RWLK,86.21M,1.30%,32.74M,36.19M
RXDX,783.48M,1.22%,25.32M,38.77M
RXRAU,-,-,-,-
RXRX,4.25B,1.70%,140.13M,161.36M
RXT,4.36B,4.21%,201.08M,204.60M
RYAAY,23.09B,0.27%,215.27M,225.24M
RYTM,1.01B,9.61%,36.86M,47.64M
RZLT,90.08M,0.04%,8.26M,8.35M
SABR,4.41B,18.72%,315.76M,317.63M
SAFM,3.63B,2.03%,20.13M,22.02M
SAGE,4.20B,8.37%,51.28M,58.37M
SAII,213.46M,1.88%,10.75M,21.56M
SAIIU
SALM,54.01M,4.18%,11.21M,26.74M
SANA,4.01B,3.93%,85.86M,119.13M
SANM,2.76B,3.66%,63.63M,65.25M
SASR,2.20B,1.34%,45.92M,47.12M
SATS,2.43B,15.16%,40.37M,93.87M
SAVA,2.22B,9.27%,37.41M,37.72M
SBAC,32.49B,1.53%,108.12M,109.47M
SBBP,177.81M,2.62%,59.82M,67.38M
SBCF,2.07B,2.33%,54.28M,55.27M
SBEAU,-,-,-,-
SBGI,2.59B,8.27%,47.62M,74.39M
SBLK,1.98B,0.88%,88.27M,98.71M
SBNY,14.46B,2.46%,55.58M,57.62M
SBNYP,-,0.05%,55.58M,-
SBRA,3.79B,2.09%,208.57M,211.45M
SBTX,937.67M,10.13%,31.75M,34.77M
SBUX,133.75B,0.83%,1.18B,1.18B
SCAQU,-,-,-,-
SCHL,1.14B,2.54%,25.03M,34.30M
SCHN,1.51B,3.03%,25.73M,27.99M
SCKT,44.21M,3.82%,5.74M,6.48M
SCLEU,-,0.02%,5.61M,-
SCOA,700.81M,0.22%,57.50M,71.88M
SCOAU,-,-,-,-
SCOBU,-,-,-,-
SCOR,321.92M,4.99%,67.01M,76.15M
SCPH,156.50M,1.65%,25.04M,27.34M
SCPL,2.17B,14.09%,20.89M,23.20M
SCPS,124.68M,1.77%,7.91M,15.34M
SCR,844.25M,0.59%,26.71M,50.34M
SCVL,981.60M,14.88%,8.19M,14.09M
SCYX,192.94M,5.50%,19.89M,25.80M
SCZ,-,-,-,-
SDACU,-,-,-,-
SDC,3.16B,29.60%,103.90M,387.52M
SDGR,5.02B,12.39%,39.85M,70.07M
SDH,69.41M,0.11%,11.39M,24.10M
SEAC,55.80M,4.33%,40.00M,48.14M
SECO,182.99M,0.67%,22.42M,70.65M
SEDG,13.33B,4.33%,51.42M,51.73M
SEED,66.07M,4.38%,3.90M,5.26M
SEEL,333.01M,4.40%,73.62M,78.58M
SEER,1.88B,10.32%,41.59M,59.89M
SEIC,9.05B,1.59%,118.24M,143.20M
SELB,492.42M,7.93%,84.98M,110.74M
SESN,547.59M,4.73%,167.51M,169.39M
SFET,37.09M,0.58%,22.91M,26.12M
SFIX,5.73B,19.27%,65.71M,105.55M
SFM,3.08B,14.88%,117.78M,118.04M
SFNC,3.28B,3.10%,106.63M,108.21M
SFT,605.76M,11.27%,66.12M,77.91M
SGAM,178.62M,0.05%,12.50M,17.97M
SGAMU,-,0.01%,14.37M,-
SGBX,32.48M,11.49%,7.43M,8.74M
SGEN,27.42B,2.06%,180.16M,181.15M
SGH,1.12B,10.69%,16.52M,24.22M
SGLB,39.09M,8.48%,10.20M,10.49M
SGMA,20.18M,0.24%,3.30M,4.26M
SGMO,1.56B,12.74%,118.93M,143.11M
SGMS,6.94B,6.10%,90.53M,95.00M
SGOC,177.10M,0.45%,51.11M,95.33M
SGRP,32.11M,0.97%,8.17M,21.19M
SGRY,3.49B,5.36%,31.89M,54.77M
SGTX,383.94M,2.04%,24.27M,28.79M
SHACU,-,0.00%,23.00M,-
SHC,6.81B,0.99%,274.01M,278.83M
SHEN,2.52B,1.82%,47.86M,49.95M
SHIP,156.20M,6.55%,136.22M,156.22M
SHLS,4.53B,7.13%,90.53M,160.28M
SHOO,3.44B,2.39%,77.71M,79.04M
SHSP,180.04M,1.82%,11.77M,12.81M
SHV,-,-,-,-
SHY,-,-,-,-
SHYF,1.42B,2.53%,32.12M,35.31M
SIBN,1.02B,3.49%,32.23M,32.69M
SIC,288.56M,0.11%,20.06M,25.49M
SIEB,124.20M,7.57%,10.51M,31.17M
SIEN,405.49M,14.65%,56.67M,57.52M
SIFY,578.89M,1.35%,176.73M,179.78M
SIGA,547.71M,3.99%,43.72M,76.76M
SILK,1.68B,6.34%,33.18M,34.34M
SIMO,2.27B,2.61%,29.59M,34.43M
SINO,52.10M,4.80%,12.79M,14.45M
SINT,37.50M,4.01%,23.30M,24.67M
SIOX,131.60M,3.39%,39.90M,52.68M
SIRI,25.40B,20.05%,889.72M,4.14B
SITM,1.85B,5.03%,9.03M,17.87M
SIVB,31.76B,1.70%,53.73M,54.30M
SJ,254.73M,2.55%,2.27M,27.91M
SKIN
SKOR,-,-,-,-
SKYAU
SKYT,992.91M,0.88%,8.24M,38.13M
SKYW,2.50B,2.33%,49.35M,50.29M
SKYY,-,-,-,-
SLAB,6.08B,2.96%,43.97M,44.16M
SLAMU,-,-,-,-
SLCRU,-,0.03%,34.27M,-
SLDB,424.61M,7.50%,77.61M,89.27M
SLGG,111.28M,4.81%,18.52M,19.81M
SLGN,4.66B,2.46%,83.45M,110.21M
SLM,6.51B,3.52%,315.47M,361.04M
SLNO,82.10M,4.48%,62.23M,79.69M
SLP,1.05B,13.07%,15.55M,20.01M
SLQD,-,-,-,-
SLRX,58.20M,3.80%,44.00M,44.73M
SLS,161.70M,6.09%,14.97M,15.08M
SLVO,-,-,-,-
SMCI,1.80B,1.95%,42.50M,50.55M
SMED,232.77M,6.97%,13.41M,16.56M
SMH,-,-,-,-
SMMT,769.18M,1.95%,25.21M,82.58M
SMPL,3.30B,3.98%,84.31M,95.73M
SMSI,271.93M,4.65%,36.53M,43.37M
SMTC,4.08B,1.65%,64.02M,65.02M
SNBR,2.70B,15.94%,23.33M,25.38M
SNCR,131.10M,16.16%,34.90M,42.74M
SNCY,2.06B,4.39%,12.21M,48.50M
SND,111.80M,9.95%,22.35M,41.63M
SNDL,1.57B,15.45%,1.66B,1.66B
SNDX,896.09M,15.97%,45.41M,51.50M
SNES,19.89M,2.80%,11.51M,12.16M
SNGX,40.10M,2.73%,39.92M,40.02M
SNMP,47.79M,0.63%,10.70M,38.92M
SNOA,15.89M,0.93%,2.05M,2.08M
SNPS,38.85B,1.01%,151.62M,152.72M
SNRHU,-,0.00%,41.40M,-
SNSE,378.74M,1.21%,11.70M,18.91M
SNY,133.51B,0.20%,2.25B,2.50B
SOHO,56.80M,1.47%,12.39M,14.62M
SOHU,695.33M,4.07%,28.28M,39.51M
SOLO,430.31M,19.43%,95.81M,103.59M
SOLY,477.91M,18.52%,9.20M,21.12M
SONM,33.39M,0.83%,62.64M,66.32M
SONN,33.40M,4.30%,20.05M,21.55M
SONO,4.68B,6.60%,118.14M,121.88M
SOXX,-,-,-,-
SPCB,25.20M,3.91%,15.42M,17.39M
SPCE,7.48B,23.30%,169.44M,234.19M
SPI,134.79M,3.09%,16.23M,17.01M
SPKBU,-,-,-,-
SPLK,19.80B,4.10%,162.77M,163.84M
SPNE,677.43M,1.49%,27.64M,27.91M
SPNS,1.56B,1.03%,28.92M,54.69M
SPOK,222.20M,2.84%,18.69M,19.27M
SPPI,549.21M,11.66%,137.35M,145.37M
SPRB,319.90M,2.23%,20.72M,23.28M
SPRO,437.90M,12.10%,26.95M,29.41M
SPRT,68.19M,24.01%,14.50M,20.20M
SPT,3.71B,4.35%,35.98M,53.43M
SPTKU,-,-,-,-
SPTN,745.90M,11.43%,35.09M,36.27M
SPWH,776.44M,6.77%,42.71M,43.63M
SPWR,4.10B,19.92%,79.25M,171.20M
SQBG,12.77M,26.61%,0.81M,1.65M
SQFT,33.89M,0.90%,9.24M,9.51M
SQQQ,-,-,-,-
SRAC,236.78M,14.39%,17.30M,22.11M
SRAX,121.32M,5.15%,20.65M,23.19M
SRCL,7.23B,1.89%,91.60M,91.76M
SRET,-,-,-,-
SREV,117.80M,4.14%,95.03M,97.23M
SRGA,183.20M,5.16%,95.43M,98.11M
SRNE,2.22B,20.98%,254.57M,280.60M
SRNG,-,1.80%,30.00M,-
SRNGU,-,0.16%,30.00M,-
SRPT,6.13B,10.11%,75.94M,79.45M
SRRK,921.64M,7.33%,33.09M,36.38M
SRSAU,-,0.01%,15.00M,-
SRTS,59.40M,0.71%,11.35M,16.46M
SSAAU,-,-,-,-
SSB,6.28B,2.22%,70.04M,71.01M
SSKN,47.10M,1.24%,20.57M,33.80M
SSNC,18.94B,1.46%,223.61M,257.00M
SSNT,34.78M,2.59%,2.09M,4.76M
SSP,1.81B,5.25%,57.81M,81.90M
SSPK,499.76M,10.92%,18.79M,31.25M
SSRM,4.10B,5.68%,219.18M,219.79M
SSSS,332.17M,-,-,20.49M
SSYS,1.51B,10.36%,55.81M,58.62M
STAA,6.72B,4.79%,46.57M,46.62M
STAF,22.00M,3.67%,35.60M,39.17M
STAY,3.51B,6.66%,159.60M,177.83M
STBA,1.34B,1.12%,38.47M,39.02M
STCN,126.00M,1.00%,55.73M,62.03M
STEP,3.17B,1.36%,28.80M,94.82M
STIM,360.96M,5.05%,23.97M,25.15M
STKL,1.32B,1.66%,88.54M,96.12M
STLD,13.09B,2.26%,200.56M,211.01M
STMP,3.43B,4.56%,17.63M,18.36M
STNE,20.56B,3.57%,220.71M,309.40M
STOK,1.44B,8.67%,35.40M,36.64M
STRA,1.84B,4.70%,22.35M,23.97M
STRL,649.58M,5.61%,27.46M,28.28M
STRM,80.81M,1.77%,25.12M,30.53M
STRO,877.09M,8.96%,41.21M,45.91M
STRR,14.19M,4.85%,4.67M,4.92M
STSA,167.41M,4.97%,15.49M,21.98M
STTK,1.14B,4.58%,32.55M,41.77M
STWO,309.37M,1.34%,18.75M,31.25M
STWOU,-,0.00%,23.00M,-
STX,22.07B,4.71%,227.61M,233.00M
SUMO,2.02B,3.73%,95.74M,102.09M
SUMR,26.68M,2.57%,1.51M,2.13M
SUNW,241.79M,11.71%,26.80M,27.05M
SUPN,1.59B,17.25%,51.13M,52.93M
SURF,373.89M,11.83%,39.18M,41.62M
SUSB,-,-,-,-
SUSC,-,-,-,-
SUSL,-,-,-,-
SV,286.07M,4.13%,23.00M,28.75M
SVAC,913.60M,0.98%,37.57M,52.88M
SVACU,-,0.00%,37.57M,-
SVBI,152.84M,0.09%,9.93M,12.85M
SVC,1.91B,2.79%,162.64M,164.50M
SVFA,603.15M,-,-,60.38M
SVFAU,-,-,-,-
SVFB,295.10M,0.02%,23.65M,27.54M
SVFC,328.75M,-,-,33.04M
SVMK,2.85B,2.69%,126.96M,144.69M
SVOK,253.32M,0.30%,25.22M,25.88M
SVOKU,-,0.00%,25.22M,-
SVRA,203.40M,9.62%,28.08M,76.99M
SVSVU,-,0.00%,15.36M,-
SVVC,40.94M,-,-,6.89M
SWAV,6.14B,5.99%,32.77M,34.80M
SWBI,1.13B,7.88%,51.70M,55.14M
SWETU,-,0.00%,26.88M,-
SWIM,3.74B,6.58%,29.28M,120.41M
SWIR,562.65M,1.56%,36.63M,36.74M
SWKS,28.21B,2.34%,164.55M,165.00M
SWTX,4.02B,9.96%,38.03M,48.23M
SXTC,21.10M,4.12%,13.39M,15.51M
SY,1.06B,25.84%,13.00M,106.75M
SYBX,202.11M,2.06%,26.20M,41.55M
SYKE,1.67B,1.28%,38.92M,39.64M
SYNA,4.46B,12.71%,34.86M,35.00M
SYNH,9.11B,7.02%,61.25M,104.27M
SYNL,88.73M,0.33%,7.79M,9.19M
SYPR,69.09M,3.42%,10.85M,21.39M
SYRS,405.19M,10.39%,58.84M,61.38M
TA,419.00M,3.65%,12.33M,14.23M
TACO,370.94M,2.54%,30.80M,36.76M
TAIT,33.28M,0.82%,3.00M,5.83M
TALS
TANH,41.60M,6.90%,24.11M,30.26M
TAOP,66.41M,3.03%,5.44M,7.67M
TARA,105.51M,3.38%,9.09M,11.23M
TARS,677.40M,2.71%,13.69M,20.34M
TAST,297.69M,3.41%,32.59M,50.34M
TATT,50.52M,0.75%,2.76M,8.88M
TBBK,1.40B,5.06%,52.30M,57.37M
TBCPU,-,0.03%,5.84M,-
TBIO,1.38B,9.91%,68.42M,75.19M
TBK,2.09B,4.93%,23.18M,24.68M
TBLT,58.60M,1.11%,80.76M,81.01M
TBPH,1.14B,6.31%,52.98M,64.49M
TBSAU,-,-,-,-
TC,65.70M,0.19%,0.71M,19.11M
TCACU,-,0.00%,3.50M,-
TCBI,3.51B,6.36%,49.96M,50.51M
TCBIO
TCDA,223.68M,8.93%,48.96M,50.25M
TCF,7.23B,2.48%,150.36M,152.16M
TCMD,1.05B,10.44%,18.75M,19.55M
TCOM,51.80B,2.93%,468.74M,604.60M
TCON,92.38M,3.48%,15.26M,15.48M
TCPC,849.14M,0.73%,57.36M,57.77M
TCRR,732.68M,10.44%,34.12M,37.06M
TCVA,411.00M,-,-,41.10M
TDAC,147.25M,23.44%,4.88M,7.44M
TDUP,380.51M,30.66%,14.89M,18.70M
TEAM,57.99B,4.42%,129.16M,250.28M
TECH,15.93B,1.38%,38.67M,38.86M
TEDU,204.80M,0.47%,41.77M,55.67M
TEKKU
TELA,196.07M,1.90%,13.38M,14.44M
TELL,1.59B,9.60%,286.44M,356.68M
TENB,4.44B,2.53%,99.63M,104.53M
TENX,29.19M,1.85%,14.27M,14.52M
TER,21.71B,3.05%,165.74M,166.49M
TERN,429.89M,-,-,15.16M
TETCU,-,0.25%,6.98M,-
TFFP,272.36M,1.97%,21.59M,23.14M
TFSL,6.20B,1.72%,47.78M,276.72M
TGA,125.10M,0.09%,69.28M,72.54M
TGLS,1.02B,3.18%,20.82M,47.67M
TGTX,4.77B,9.58%,120.59M,131.90M
TH,374.60M,7.33%,29.44M,96.17M
THBR,435.61M,3.70%,34.40M,43.12M
THCA,220.06M,0.33%,17.68M,21.99M
THCB,381.45M,9.28%,28.09M,35.48M
THMAU,-,-,-,-
THMO,31.81M,10.97%,8.93M,11.45M
THRY,1.00B,1.47%,31.06M,34.56M
THTX,333.00M,0.36%,87.60M,94.60M
TIG,859.32M,1.07%,12.33M,51.15M
TIGO,4.58B,0.11%,101.10M,101.33M
TIGR,3.19B,4.52%,120.40M,141.88M
TIL,2.28B,2.13%,111.36M,128.74M
TILE,949.52M,2.93%,57.74M,58.73M
TIOAU,-,-,-,-
TIPT,353.79M,3.90%,20.54M,32.42M
TIRX,68.11M,6.01%,2.42M,6.83M
TITN,713.31M,2.77%,19.40M,22.13M
TLC,246.15M,0.00%,36.41M,42.08M
TLGT,52.01M,1.38%,21.75M,58.47M
TLIS,257.92M,25.61%,7.96M,23.48M
TLMD,547.80M,3.23%,63.78M,75.81M
TLND,2.12B,5.15%,28.77M,32.22M
TLRY,7.68B,11.18%,311.23M,316.80M
TLS,2.20B,2.22%,50.74M,64.62M
TLSA,228.67M,0.42%,34.93M,97.31M
TLT,-,-,-,-
TMCI,1.29B,0.51%,14.43M,39.76M
TMDI,210.29M,2.18%,99.81M,109.53M
TMDX,725.36M,3.96%,25.69M,27.37M
TMKRU,-,-,-,-
TMPMU,-,0.00%,8.68M,-
TMTS,248.85M,0.21%,15.00M,25.00M
TMTSU
TMUS,176.19B,1.72%,696.44M,1.24B
TNDM,5.37B,6.41%,60.88M,62.45M
TNXP,388.50M,1.63%,323.67M,326.51M
TOMZ,44.91M,4.36%,10.21M,16.80M
TOPS,59.30M,8.78%,39.43M,39.73M
TOUR,340.20M,2.26%,33.06M,123.45M
TPIC,1.83B,10.01%,33.97M,36.60M
TPTX,3.33B,5.58%,47.41M,48.92M
TQQQ,-,-,-,-
TRCH,347.91M,11.64%,125.94M,129.61M
TREE,2.70B,16.79%,11.48M,13.07M
TRHC,1.04B,13.38%,21.25M,23.01M
TRIB,66.70M,1.76%,15.85M,20.90M
TRIL,822.00M,12.29%,86.18M,103.14M
TRIN,378.29M,0.11%,25.41M,26.49M
TRIP,5.88B,15.60%,97.97M,136.00M
TRIT,512.47M,7.13%,76.87M,82.79M
TRKA,101.33M,2.24%,10.13M,38.82M
TRMB,19.60B,1.17%,249.74M,251.10M
TRMK,2.13B,1.99%,56.79M,63.40M
TRMT,50.71M,0.13%,8.20M,8.21M
TROW,43.15B,2.17%,224.64M,227.70M
TRST,742.69M,1.24%,18.80M,19.29M
TRUE,592.77M,10.20%,88.70M,98.58M
TRUP,3.53B,8.59%,36.28M,39.70M
TRVG,1.37B,9.05%,26.11M,355.86M
TRVI,42.00M,0.59%,14.32M,19.42M
TRVN,287.90M,9.29%,159.74M,160.51M
TSCO,21.06B,5.68%,114.37M,116.15M
TSEM,2.94B,0.58%,105.52M,107.94M
TSHA,858.15M,6.49%,21.83M,36.99M
TSIA,389.31M,7.30%,30.00M,37.50M
TSIAU,-,0.00%,33.00M,-
TSIBU,-,0.96%,5.75M,-
TSLA,602.29B,5.15%,774.23M,963.33M
TSP,7.91B,4.15%,153.83M,206.42M
TSRI,15.81M,0.31%,0.69M,1.96M
TTCF,1.79B,38.11%,37.33M,79.42M
TTD,27.81B,3.86%,42.86M,47.28M
TTEK,6.48B,2.11%,53.41M,54.19M
TTGT,1.99B,8.30%,25.33M,28.14M
TTMI,1.62B,13.25%,100.73M,106.83M
TTNP,23.79M,9.75%,9.17M,9.29M
TTOO,186.09M,7.47%,143.13M,148.23M
TTWO,21.57B,2.40%,113.68M,115.10M
TUEM,-,-,58.71M,86.19M
TUR,-,-,-,-
TUSK,175.41M,2.16%,34.72M,45.93M
TVACU,-,0.00%,15.75M,-
TVTX,906.26M,-,-,56.27M
TVTY,1.28B,15.62%,42.84M,49.22M
TW,18.81B,2.44%,104.62M,199.06M
TWCT
TWCTU
TWIN,188.65M,0.69%,10.33M,13.27M
TWLVU,-,0.06%,5.08M,-
TWNK,2.04B,20.77%,122.53M,130.84M
TWOU,2.75B,15.54%,72.61M,73.68M
TWST,5.28B,8.92%,44.32M,48.71M
TXG,19.33B,2.99%,72.01M,108.71M
TXMD,491.50M,17.14%,361.91M,393.19M
TXN,174.67B,1.32%,921.28M,922.00M
TXRH,6.91B,4.49%,66.37M,69.64M
TYHT,53.99M,5.16%,3.15M,3.19M
TYME,252.21M,4.23%,107.32M,130.17M
TZPSU,-,-,-,-
UAE,-,-,-,-
UAL,19.13B,3.63%,322.70M,323.58M
UBSI,5.31B,2.30%,126.47M,128.64M
UBX,255.58M,5.31%,50.08M,54.17M
UCBI,3.01B,2.59%,86.23M,87.32M
UCBIO
UCTT,2.47B,3.31%,39.82M,40.60M
UEPS,281.12M,0.92%,52.73M,56.35M
UFPI,4.94B,1.34%,60.40M,61.75M
UGRO,102.09M,1.71%,7.59M,10.87M
UK,193.80M,1.95%,12.45M,75.94M
ULBI,148.91M,2.21%,15.38M,15.97M
ULCC,4.41B,3.78%,28.17M,206.94M
ULTA,18.19B,3.87%,53.89M,55.80M
UMPQ,4.21B,1.20%,217.40M,220.37M
UNIT,2.54B,4.73%,223.12M,231.47M
UONE,46.51M,-,-,6.33M
UONEK,228.82M,0.72%,22.48M,48.46M
UPC,67.41M,-,-,21.00M
UPLD,1.24B,7.48%,25.50M,29.97M
UPST,12.83B,8.59%,61.43M,73.63M
UPWK,5.99B,5.05%,113.53M,125.28M
URBN,3.86B,7.78%,59.97M,97.80M
USCR,975.10M,5.47%,16.09M,16.80M
USEG,19.20M,4.29%,3.71M,3.92M
USIG,-,-,-,-
USIO,145.28M,1.07%,15.81M,19.93M
USMC,-,-,-,-
USOI,-,-,-,-
USWS,111.71M,3.33%,55.02M,78.98M
USXF,-,-,-,-
UTHR,8.32B,4.14%,43.82M,44.60M
UTME,397.10M,-,-,8.27M
UTSI,47.40M,2.28%,10.82M,36.07M
UVSP,845.64M,1.14%,28.77M,29.30M
UXIN,1.12B,4.14%,220.17M,369.95M
VACC,503.47M,-,-,34.06M
VACQ
VACQU,-,0.05%,27.72M,-
VAQC,445.95M,-,-,45.00M
VBIV,836.31M,20.23%,190.83M,251.29M
VBLT,126.19M,6.18%,36.13M,43.67M
VBTX,1.74B,1.31%,47.63M,49.39M
VC,3.39B,4.56%,27.75M,27.90M
VCEL,2.60B,7.96%,45.82M,45.98M
VCIT,-,-,-,-
VCKAU,-,0.00%,14.25M,-
VCLT,-,-,-,-
VCNX,70.59M,1.07%,24.34M,25.22M
VCSH,-,-,-,-
VCVC,250.09M,14.59%,15.09M,25.16M
VCVCU,-,0.00%,18.78M,-
VCYT,2.66B,6.67%,66.56M,67.24M
VECO,1.19B,7.55%,48.83M,49.73M
VECT,534.34M,2.67%,4.66M,35.86M
VELOU,-,0.25%,3.97M,-
VENAR
VENAU,-,0.00%,4.68M,-
VEON,3.01B,3.41%,907.87M,1.75B
VERB,70.91M,6.15%,55.63M,62.45M
VERI,628.78M,10.82%,27.51M,32.17M
VERO,112.51M,3.15%,50.28M,53.74M
VERU,702.78M,5.51%,59.49M,75.17M
VERX,2.88B,5.05%,26.46M,146.57M
VERY,136.44M,3.03%,1.91M,14.88M
VFF,776.06M,6.76%,68.91M,79.60M
VG,3.47B,7.62%,239.78M,249.64M
VGIT,-,-,-,-
VGLT,-,-,-,-
VGSH,-,-,-,-
VIAC,28.06B,9.26%,593.95M,622.00M
VIACA
VIACP,-,0.22%,556.16M,-
VIAV,3.95B,5.64%,226.61M,228.70M
VICR,3.89B,3.61%,21.41M,43.45M
VIEW,1.92B,21.09%,52.74M,55.50M
VIH,266.73M,21.06%,15.55M,25.92M
VIHAU
VIIAU,-,0.01%,23.00M,-
VINO,26.80M,0.17%,6.50M,7.48M
VINP,805.23M,1.53%,27.82M,55.61M
VIOT,540.83M,1.66%,32.75M,69.27M
VIR,5.62B,7.81%,109.35M,127.74M
VIRI,44.10M,1.37%,7.10M,8.33M
VIRT,5.68B,4.47%,118.60M,122.06M
VIRX,425.27M,25.02%,3.82M,15.17M
VISL,109.59M,11.94%,45.55M,46.24M
VITL,849.26M,16.69%,24.38M,39.54M
VIVE,29.29M,6.76%,10.59M,10.65M
VIVO,908.67M,10.40%,43.09M,43.10M
VKTX,412.39M,15.34%,70.20M,74.97M
VLATU,-,-,-,-
VLDR,1.90B,17.36%,90.20M,189.22M
VLON,30.72M,0.52%,3.10M,5.71M
VLY,5.81B,1.72%,395.09M,405.15M
VMAC
VMACU
VMAR,59.26M,1.57%,3.47M,8.04M
VMBS,-,-,-,-
VMD,309.10M,3.52%,35.08M,39.58M
VMEO
VNDA,1.01B,9.16%,54.12M,55.15M
VNET,3.23B,9.42%,93.85M,143.42M
VNOM,1.16B,3.70%,56.56M,65.36M
VNQI,-,-,-,-
VNTR,516.98M,0.94%,54.25M,107.10M
VOD,50.70B,-,-,2.74B
VONE,-,-,-,-
VONG,-,-,-,-
VONV,-,-,-,-
VOR,762.77M,-,-,22.26M
VOSOU,-,-,-,-
VOXX,368.93M,5.70%,14.88M,24.22M
VPCBU,-,-,-,-
VRA,382.17M,2.39%,25.17M,33.41M
VRAY,975.32M,6.47%,157.02M,160.14M
VRCA,322.94M,15.45%,9.80M,25.60M
VRDN,148.40M,1.92%,6.13M,6.34M
VREX,998.58M,11.31%,39.01M,39.20M
VRIG,-,-,-,-
VRM,6.21B,8.63%,114.84M,135.50M
VRME,25.50M,1.85%,6.83M,7.42M
VRNA,305.71M,2.67%,5.90M,58.68M
VRNS,5.22B,5.56%,98.60M,100.25M
VRNT,2.99B,9.71%,63.12M,65.77M
VRPX,22.80M,0.34%,2.06M,3.94M
VRRM,2.29B,5.23%,135.28M,162.30M
VRSK,27.90B,1.68%,160.39M,162.64M
VRSN,24.82B,1.30%,111.06M,113.13M
VRTX,53.67B,1.59%,258.52M,259.37M
VSAT,3.63B,13.14%,65.85M,68.00M
VSTA,661.62M,7.51%,18.57M,83.01M
VSTM,687.70M,2.79%,167.71M,171.59M
VTAQ,214.29M,0.30%,14.46M,21.58M
VTAQR
VTAQU,-,0.00%,16.07M,-
VTC,-,-,-,-
VTGN,379.69M,5.25%,124.74M,190.20M
VTIP,-,-,-,-
VTIQU,296.40M,-,-,29.64M
VTNR,206.50M,3.98%,36.53M,47.71M
VTRS,18.30B,2.80%,1.20B,1.21B
VTRU,345.83M,0.11%,17.47M,23.06M
VTSI,60.79M,3.71%,6.05M,7.78M
VTVT,199.51M,18.35%,14.03M,56.47M
VTWO,-,-,-,-
VUZI,1.20B,18.70%,53.84M,54.14M
VVOS,126.38M,0.37%,17.17M,18.21M
VVPR,119.78M,0.33%,7.50M,17.36M
VWOB,-,-,-,-
VXRT,817.97M,22.47%,114.75M,115.42M
VXUS,-,-,-,-
VYGR,157.28M,7.04%,32.44M,37.50M
VYMI,-,-,-,-
VYNE,190.11M,10.15%,42.95M,48.87M
VYNT,102.58M,3.06%,26.84M,28.98M
WAFD,2.40B,3.62%,71.42M,75.36M
WAFDP
WAFU,30.68M,9.59%,1.18M,4.38M
WALDU,-,0.47%,4.81M,-
WATT,172.21M,9.32%,60.35M,61.57M
WB,11.60B,22.55%,55.63M,227.77M
WBA,45.85B,1.68%,715.23M,864.20M
WBND,-,-,-,-
WCLD,-,-,-,-
WDAY,56.65B,3.78%,184.04M,243.74M
WDC,23.25B,1.95%,304.82M,306.00M
WEN,5.10B,4.38%,187.64M,223.33M
WERN,3.27B,4.08%,61.60M,67.93M
WETF,999.30M,7.59%,111.49M,145.65M
WHLM,27.82M,0.78%,3.60M,5.16M
WHLR,41.99M,1.53%,7.39M,9.71M
WIFI,625.60M,3.37%,42.80M,44.69M
WIMI,460.42M,-,-,86.71M
WING,4.26B,7.94%,29.58M,29.71M
WINT,47.29M,4.70%,13.65M,17.70M
WISA,45.61M,7.08%,9.29M,9.98M
WISH,5.17B,8.75%,359.13M,619.00M
WIX,14.62B,4.82%,54.63M,56.28M
WKEY,116.82M,-,-,7.83M
WKHS,1.19B,42.19%,112.69M,122.63M
WLTW,33.66B,5.21%,128.26M,130.00M
WMG,18.77B,3.76%,94.44M,514.33M
WMPN,170.66M,0.13%,11.13M,14.61M
WNW,178.50M,-,-,25.00M
WOOF,5.16B,32.03%,54.37M,100.87M
WORX,16.49M,9.11%,7.37M,10.00M
WPRT,925.53M,1.59%,127.53M,147.85M
WRAP,289.23M,15.20%,21.51M,37.62M
WSBC,2.62B,1.31%,66.15M,67.26M
WSC,6.64B,11.32%,167.32M,228.29M
WSFS,2.52B,4.23%,47.00M,47.51M
WTER,103.50M,4.77%,72.70M,73.53M
WTFC,4.59B,2.06%,56.28M,56.90M
WTRE,696.00M,1.18%,17.50M,19.89M
WTRH,234.20M,13.86%,102.33M,112.33M
WVE,343.50M,7.95%,47.40M,49.10M
WVVI,69.69M,1.45%,3.78M,4.96M
WW,2.64B,12.72%,52.13M,69.08M
WWD,8.13B,2.57%,59.88M,63.28M
WYNN,15.34B,5.89%,105.42M,111.02M
XAIR,101.82M,20.83%,16.93M,17.61M
XBIO,16.50M,0.93%,7.82M,8.75M
XCUR,152.20M,3.78%,67.32M,87.85M
XEL,37.82B,1.33%,536.63M,538.00M
XELA,94.70M,11.85%,35.12M,50.65M
XELB,53.50M,0.56%,7.15M,19.26M
XENE,774.63M,3.22%,23.58M,36.83M
XENT,594.98M,3.03%,32.60M,33.02M
XERS,215.00M,30.86%,49.48M,61.24M
XLNX,30.24B,4.18%,244.84M,245.10M
XLRN,7.92B,5.24%,53.32M,60.58M
XM,17.31B,15.66%,39.15M,482.26M
XNCR,2.25B,5.23%,57.34M,58.00M
XNET,338.00M,2.65%,42.86M,66.88M
XONE,501.66M,9.50%,17.30M,21.04M
XP,21.65B,3.30%,132.58M,559.06M
XPDIU,-,-,-,-
XPEL,2.24B,4.90%,16.29M,27.61M
XPER,2.25B,3.10%,103.65M,104.94M
XRAY,14.51B,1.80%,217.62M,218.80M
XSPA,151.59M,11.29%,105.23M,105.31M
XTLB,18.22M,0.92%,3.36M,5.14M
YELL,328.62M,4.72%,48.50M,50.36M
YGMZ,55.01M,9.48%,3.09M,11.83M
YI,812.16M,3.08%,24.15M,82.79M
YJ,383.99M,2.53%,34.60M,212.93M
YMAB,1.61B,10.68%,30.26M,41.87M
YNDX,24.17B,2.37%,310.53M,355.41M
YQ,962.81M,2.90%,47.95M,187.87M
YSACU
YTEN,40.13M,1.31%,3.80M,4.30M
YTRA,129.01M,0.31%,50.33M,60.95M
YVR,25.50M,4.63%,13.06M,14.33M
YY,6.68B,15.41%,53.17M,86.79M
Z,21.09B,12.44%,171.81M,179.77M
ZBRA,26.65B,0.76%,53.13M,53.48M
ZCMD,46.60M,1.08%,12.21M,26.48M
ZG,28.66B,1.00%,221.72M,243.23M
ZGNX,995.08M,17.07%,55.57M,55.75M
ZGYHR
ZI,17.32B,9.73%,69.23M,178.80M
ZION,9.48B,2.31%,161.32M,163.55M
ZIOP,657.40M,19.89%,194.85M,213.96M
ZIXI,405.93M,5.85%,53.44M,54.54M
ZKIN,110.88M,1.57%,13.14M,16.56M
ZLAB,14.42B,3.39%,87.05M,88.38M
ZM,96.12B,4.33%,203.13M,287.72M
ZNGA,11.73B,7.42%,1.02B,1.08B
ZNTE,288.08M,0.39%,23.00M,28.75M
ZNTEU,-,0.00%,20.76M,-
ZNTL,2.28B,6.71%,37.69M,40.36M
ZS,26.41B,7.46%,77.56M,135.02M
ZSAN,91.90M,6.56%,106.16M,106.73M
ZUMZ,1.15B,3.68%,21.93M,25.03M
ZVO,72.99M,3.54%,31.43M,32.77M
ZWRK
ZWRKU,-,0.01%,22.25M,-
ZY,3.17B,13.83%,7.32M,97.94M
ZYNE,217.83M,8.99%,40.16M,41.25M
